Lið,Nafn,Tímabil,Leikir,Mörk,%,Víti,V%,Sto,Sk.F,FiV,TB,Frk,Stl,Blk,Stp,Gul,2m,Rau
HK,Ada  Kozicka,2018/19,6,0,0,0,0,0,0,0,0,0,0,0,0.2,0,0,0
Stjarnan,Adda Sólbjört Högnadóttir,2021/22,12,0.1,50,0,0,0,0,0,0.1,0,0,0,0,0,0.1,0
Selfoss,Adela Eyrún Jóhannsdóttir,2022/23,20,0.4,41.2,0,0,0.3,0.6,0.1,0.6,0,0.3,0.1,0.3,0,0.1,0
Selfoss,Agnes Sigurðardóttir,2018/19,15,0.3,38.5,0,0,0,0,0.1,0.3,0.2,0,0,0.1,0,0,0
Afturelding,Agnes Brá Jónsdóttir,2021/22,2,0,0,0,0,0,0,0,0,0,0,0,0,0,0,0
IBV,Agnes Lilja Styrmisdóttir,2023/24,5,0.4,40,0.2,100,0,0,0,0.6,0,0,0,0,0,0.2,0
KA/Thor,Agnes Vala Tryggvadóttir,2023/24,3,0,0,0,0,0,0,0,0,0,0.3,0,0.7,0,0.7,0
KA/Thor,Agnes Vala Tryggvadóttir,2022/23,19,0.1,12.5,0,0,0.1,0.2,0,0,0.2,0.2,0,1.6,0.1,0.3,0
KA/Thor,Agnes Vala Tryggvadóttir,2021/22,8,0,0,0,0,0,0,0,0,0.1,0,0,0,0,0,0
KA/Thor,Aldís Ásta Heimisdóttir,2021/22,27,4.5,53.3,0,100,4.8,7.4,1.4,2.6,0.4,0.9,0.7,4.7,0.1,0.7,0
KA/Thor,Aldís Ásta Heimisdóttir,2020/21,19,3.9,50.3,0,0,3.1,4.7,0.8,3.4,0.2,0.8,0.9,5.1,0.2,0.5,0
KA/Thor,Aldís Ásta Heimisdóttir,2019/20,18,1.7,33.7,0,0,2,2.8,0.6,1.7,0.2,0.3,0.2,3.3,0.2,0.6,0.1
KA/Thor,Aldís Ásta Heimisdóttir,2018/19,11,1.9,48.8,0,0,1.2,1.6,0.4,1.5,0.1,0.2,0,1.9,0,0.5,0
Haukar,Alexandra Líf Arnarsdóttir,2023/24,5,0.8,40,0,0,0.6,0.6,0,0.6,0,0.4,0.8,2.2,0,0.4,0
HK,Alexandra Líf Arnarsdóttir,2021/22,21,0.9,61.3,0,0,0.1,0.1,0.1,0.5,0.2,0.2,0.3,1.2,0.1,0.3,0
HK,Alexandra Líf Arnarsdóttir,2020/21,14,0.6,75,0,0,0.1,0.1,0,0.2,0.4,0.4,0.5,3.2,0,0.9,0.1
Haukar,Alexandra Líf Arnarsdóttir,2019/20,18,0.7,63.2,0,0,0.1,0.2,0.2,0.5,0.1,0.5,0.6,1.8,0.3,0.4,0
Haukar,Alexandra Líf Arnarsdóttir,2018/19,23,0.3,77.8,0,0,0.1,0.1,0.1,0.2,0.2,0.4,0.4,2.4,0.3,0.3,0
IBV,Alexandra Ósk Viktorsdóttir,2022/23,13,0.1,20,0.1,50,0,0,0,0,0,0,0,0.1,0,0,0
IBV,Alexandra Ósk Gunnarsdóttir Thorarensen,2019/20,10,0,0,0,0,0,0,0,0,0,0.1,0,0.1,0,0.1,0
IBV,Alexandra Ósk Gunnarsdóttir Thorarensen,2018/19,8,0,0,0,0,0,0,0,0,0,0,0,0,0,0.1,0
Fram,Alfa Brá Hagalín,2023/24,4,5.5,47.8,0,0,1.8,2.3,1,1.8,0.8,0.5,0.3,11,0,0.3,0
HK,Alfa Brá Hagalín,2022/23,21,2.2,39.2,0,0,1.6,3.7,0.3,1.6,0.3,0.7,0.1,6.1,0.1,0.5,0
HK,Alfa Brá Hagalín,2021/22,16,0.1,66.7,0,0,0.1,0.2,0,0.2,0,0,0,0.1,0,0,0
IBV,Amelía  Einarsdóttir,2023/24,4,0.5,40,0,0,0.5,0.5,0,0.3,0.3,0.5,0,1,0,0,0
IBV,Amelía  Einarsdóttir,2022/23,26,0.3,47.4,0,0,0.1,0.1,0,0.2,0.1,0.2,0,0.2,0,0,0
IBV,Amelía  Einarsdóttir,2021/22,2,0,0,0,0,0,0,0,0,0,0,0,0,0,0,0
IBV,Amelía  Einarsdóttir,2020/21,1,0,0,0,0,0,0,0,0,0,0,0,0,0,0,0
HK,Amelía Laufey Gunnarsdóttir,2022/23,21,0.7,57.7,0.1,66.7,0.1,0.1,0.1,0.3,0.1,0.1,0,0.7,0,0.1,0
Afturelding,Anamaria Gugic,2019/20,19,4.2,42.7,1.2,75.9,0.8,1.5,0.3,2.7,0.1,0.3,0.8,2,0.3,0.4,0
FH,Andrea Valdimarsdóttir,2020/21,13,0.9,75,0,0,0,0.1,0.2,0.3,0.2,0.6,0,0.7,0.1,0,0
Haukar,Andrea Mist Grettisdóttir,2022/23,8,0,0,0,0,0,0,0,0,0,0,0,0,0,0,0
Afturelding,Andrea Ósk Þorkelsdóttir,2019/20,12,0.2,66.7,0,0,0,0,0.1,0.3,0.1,0,0,0.3,0,0.1,0
IBV,Anika Hera Hannesdóttir,2021/22,1,0,0,0,0,0,0,0,0,0,0,0,0,0,0,0
Stjarnan,Aníta Theodórsdóttir,2022/23,20,0.6,91.7,0,0,0.2,0.2,0.1,0.2,0.1,0.1,0.1,0.4,0,0.2,0
FH,Aníta Theodórsdóttir,2020/21,13,0.7,52.9,0,0,0.4,0.4,0.7,0.8,0.6,0.2,0,2.2,0,0.3,0
IBV,Aníta Björk Valgeirsdóttir,2021/22,18,0.1,28.6,0,0,0.2,0.3,0.1,0.2,0,0,0,0.2,0.1,0,0
IBV,Aníta Björk Valgeirsdóttir,2020/21,17,0.1,50,0,0,0,0,0,0.2,0,0,0,0,0,0,0
IBV,Aníta Björk Valgeirsdóttir,2019/20,13,0,0,0,0,0,0,0,0.2,0,0,0,0,0,0,0
HK,Aníta Eik Jónsdóttir,2022/23,21,1.9,50,0,0,0.6,1,0.2,1,0.1,0.2,0,2.8,0.2,0.4,0
HK,Aníta Eik Jónsdóttir,2021/22,16,0.6,43.5,0,0,0,0,0,0.3,0.1,0.1,0,0.4,0,0.1,0
HK,Aníta Eik Jónsdóttir,2020/21,1,0,0,0,0,0,0,0,0,0,0,0,0,0,0,0
Stjarnan,Anna Karen Hansdóttir,2023/24,5,2.4,60,0.2,100,0,0,0.2,0.6,0.2,1,0,1,0,0,0
Stjarnan,Anna Karen Hansdóttir,2022/23,28,2.5,72.4,0,0,0.3,0.4,0.2,0.5,0.5,0.1,0.1,1.5,0.1,0.2,0
Stjarnan,Anna Karen Hansdóttir,2021/22,23,2.7,70,0,0,0.2,0.2,0.2,0.1,0.7,0.2,0.1,1.4,0,0,0
Stjarnan,Anna Karen Hansdóttir,2020/21,15,1.7,57.8,0,0,0,0,0.3,0.3,0.3,0.3,0,1.1,0.1,0.1,0
Afturelding,Anna Katrín Bjarkadóttir,2023/24,4,2,53.3,0,0,1.5,2.5,0.8,2.5,0.3,0.8,0,3.3,0.3,0,0
Afturelding,Anna Katrín Bjarkadóttir,2021/22,6,1.7,50,0.3,66.7,0.5,1,0.8,1.5,0.2,0.8,0,0.7,0,0.2,0
Stjarnan,Anna Lára Davíðsdóttir,2023/24,5,0.2,33.3,0,0,0,0,0,0.6,0,0,0,0,0,0.2,0
Haukar,Anna Lára Davíðsdóttir,2022/23,24,0.3,40,0,0,0.1,0.1,0,0,0,0,0,0.3,0,0,0
Haukar,Anna Lára Davíðsdóttir,2021/22,17,0.1,66.7,0,0,0.1,0.2,0,0.2,0,0,0,0.1,0,0,0
IR,Anna María Aðalsteinsdóttir,2023/24,5,0.6,75,0,0,0.2,0.2,0.2,0.4,0,0,1,1.8,0,0.6,0
KA/Thor,Anna Mary Jónsdóttir,2022/23,12,0.6,46.7,0.1,50,0.2,0.5,0.6,1.5,0,0.3,0,0,0,0.2,0
KA/Thor,Anna Mary Jónsdóttir,2021/22,21,0.4,38.1,0.1,66.7,0.3,0.3,0.2,0.7,0,0.1,0,0.3,0,0.1,0
KA/Thor,Anna Mary Jónsdóttir,2020/21,15,0.1,33.3,0,0,0,0,0,0.1,0,0,0,0.1,0,0.1,0
KA/Thor,Anna Mary Jónsdóttir,2019/20,4,0.3,50,0,0,0,0,0,0.5,0.3,0,0,0,0,0,0
KA/Thor,Anna Mary Jónsdóttir,2018/19,1,0,0,0,0,0,0,0,0,0,0,0,0,0,0,0
Valur,Anna Úrsúla Guðmundsdóttir,2023/24,5,1.8,69.2,0,0,0.4,0.6,0.2,0.8,0.2,0.8,2.4,2,0.4,0.2,0
Valur,Anna Úrsúla Guðmundsdóttir,2020/21,10,1,71.4,0,0,0.6,0.9,0.5,0.5,0.1,0.4,3.5,3.3,0.2,0.2,0
Valur,Anna Úrsúla Guðmundsdóttir,2018/19,27,1.7,61.6,0,100,0.7,0.9,0.6,0.9,0.5,0.7,3.2,3.9,0.1,0.3,0
HK,Anna Valdís Garðarsdóttir,2022/23,5,0.2,100,0,0,0,0,0,0.2,0,0,0,0.4,0,0.2,0
KA/Thor,Anna Þyrí Halldórsdóttir,2023/24,5,1.6,72.7,0,0,0,0,0.8,0,0,0,0,4,0,0.2,0
KA/Thor,Anna Þyrí Halldórsdóttir,2022/23,21,1.2,68.4,0,0,0.2,0.2,1.1,0.1,0.3,0.1,0.1,3.7,0.1,0.1,0
KA/Thor,Anna Þyrí Halldórsdóttir,2021/22,26,0.5,43.8,0,0,0,0,0.6,0.3,0.2,0.2,0,3.5,0.2,0.2,0
KA/Thor,Anna Þyrí Halldórsdóttir,2020/21,19,1.2,59.5,0,0,0.2,0.3,1.1,0.4,0.3,0.2,0.1,4.6,0.3,0.2,0
KA/Thor,Anna Þyrí Halldórsdóttir,2019/20,18,1.1,90.9,0,0,0.1,0.1,1.1,0.4,0.2,0.1,0,1.9,0.1,0.1,0
KA/Thor,Anna Þyrí Halldórsdóttir,2018/19,21,0.9,56.3,0,0,0.1,0.2,0.7,1,0.1,0.1,0,1.3,0,0,0
Valur,Arna Karitas Eiríksdóttir,2023/24,5,0.2,25,0,0,1.2,1.2,0.6,0.4,0,0.2,0,0.4,0,0,0
Valur,Arna Karitas Eiríksdóttir,2022/23,3,0,0,0,0,0.3,0.3,0,0,0,0,0,0.3,0,0,0
Valur,Arna Karitas Eiríksdóttir,2021/22,1,0,0,0,0,0,0,0,0,0,0,0,0,0,0,0
Selfoss,Arna Kristín Einarsdóttir,2022/23,14,2.9,48.8,0.1,66.7,1,1.8,0.2,1.6,0.6,0.5,0,1.3,0,0.3,0
Valur,Arna Sif Pálsdóttir,2020/21,2,1,66.7,0,0,0,0,0,0.5,0,0,2.5,1,0,0.5,0
Valur,Arna Sif Pálsdóttir,2019/20,11,1.3,63.6,0,0,0.2,0.2,0.7,0.3,0,0.5,0.9,1.9,0.3,0.2,0
IBV,Arna Sif Pálsdóttir,2018/19,24,5.8,81.9,2,87.3,0.5,0.6,0.8,0.9,0.2,0.7,1.2,2.9,0.3,1.1,0
KA/Thor,Arna Valgerður Erlingsdóttir,2022/23,1,0,0,0,0,0,0,0,0,0,0,0,0,0,0,0
KA/Thor,Arna Valgerður Erlingsdóttir,2021/22,12,0.2,66.7,0,0,0.2,0.4,0,0.1,0,0,0,0,0,0,0
KA/Thor,Arna Valgerður Erlingsdóttir,2020/21,15,0.1,50,0,0,0.3,0.4,0,0.3,0,0.1,0.1,0.1,0,0,0
KA/Thor,Arna Valgerður Erlingsdóttir,2019/20,15,0.3,41.7,0,0,0.4,0.4,0.1,0.4,0,0,0.2,0.3,0,0.2,0
KA/Thor,Arna Valgerður Erlingsdóttir,2018/19,12,0.2,33.3,0,0,0.2,0.3,0,0.4,0,0,0,0.2,0,0,0
Stjarnan,Arna Þyrí Ólafsdóttir,2019/20,11,0.8,45,0,0,0.7,0.7,0.1,0.8,0.1,0.1,0,0.7,0,0.1,0
FH,Arndís Sara Þórsdóttir,2020/21,14,0.7,90.9,0,0,0,0,0.3,0.4,0.1,0.3,0.1,1.4,0,0.2,0
IBV,Asuncion Batista Portero,2019/20,2,0,0,0,0,0,0,0,0,0,0,0,0,0,0,0
Stjarnan,Auður Brynja Sölvadóttir,2020/21,1,0,0,0,0,0,0,0,0,0,0,0,0,0,0,0
Stjarnan,Auður Brynja Sölvadóttir,2019/20,2,0,0,0,0,0,0,0,0,0,0,0,0.5,0,0,0
Stjarnan,Auður Brynja Sölvadóttir,2018/19,14,0.1,14.3,0,0,0.1,0.1,0,0.2,0.1,0,0,0.1,0,0.1,0
Valur,Auður Ester Gestsdóttir,2023/24,5,2.6,81.3,0,0,0,0,0,0.2,0.2,0,0,0,0,0,0
Valur,Auður Ester Gestsdóttir,2022/23,24,1.3,64.6,0,0,0,0,0.1,0.1,0.3,0.1,0,0.3,0,0.2,0
Valur,Auður Ester Gestsdóttir,2021/22,29,2.1,63.9,0,0,0.1,0.1,0.1,0.4,0.2,0.3,0,0.3,0,0.2,0
Valur,Auður Ester Gestsdóttir,2020/21,20,2.2,59.7,0,0,0,0,0.2,0.4,0.3,0.5,0,0.9,0,0.1,0
Valur,Auður Ester Gestsdóttir,2019/20,18,2.2,47.6,0,0,0.1,0.1,0.3,0.4,0,0.4,0,0.7,0,0.2,0
Valur,Auður Ester Gestsdóttir,2018/19,26,0.8,48.8,0,0,0.1,0.1,0,0.2,0,0.2,0,0.2,0,0.1,0
HK,Azra Cosic,2018/19,4,0,0,0,0,0,0,0,0,0,0,0,0,0,0,0
KA/Thor,Aþena Einvarðsdóttir,2023/24,4,0.5,40,0,0,0,0,0.3,0.3,0,0.3,0,0.8,0,0,0
KA/Thor,Aþena Einvarðsdóttir,2022/23,20,0.9,64.3,0,0,0.1,0.1,0.1,0.2,0.2,0.2,0,0.2,0,0.1,0
KA/Thor,Aþena Einvarðsdóttir,2021/22,3,0,0,0,0,0,0,0,0.3,0,0,0,0,0,0,0
KA/Thor,Aþena Einvarðsdóttir,2020/21,1,0,0,0,0,0,0,0,0,0,1,0,2,0,0,0
FH,Aþena Arna Ágústsdóttir,2020/21,14,0.8,64.7,0,0,0,0.1,0.1,0.6,0.3,0,0,0.2,0,0.1,0
HK,Ágústa Huld Gunnarsdóttir,2019/20,19,1,79.2,0.8,88.9,0.1,0.1,0,0.2,0.1,0,0,0.3,0,0,0
HK,Ágústa Huld Gunnarsdóttir,2018/19,21,0.7,34.9,0,0,0.7,1,0.2,1.3,0,0.1,0.1,0.9,0,0,0
Valur,Ágústa Rún Jónasdóttir,2023/24,4,0,0,0,0,0,0,0,0.3,0,0,0.3,0.5,0,0,0
HK,Ágústa Rún Jónasdóttir,2022/23,2,0,0,0,0,0,0,0,0,0,0,0,0,0,0,0
IBV,Ásdís Guðmundsdóttir,2023/24,5,2.8,77.8,0.4,100,0.8,1.6,0.2,0.4,0,0.4,0,0.6,0,0,0
KA/Thor,Ásdís Guðmundsdóttir,2021/22,27,2.4,73.6,0.1,66.7,0.3,0.4,0.9,0.6,0.4,0.2,0.1,0.8,0.1,0,0
KA/Thor,Ásdís Guðmundsdóttir,2020/21,19,4.1,69.4,1.6,73.8,0.1,0.3,0.7,1,0.5,0.4,0.1,1.2,0,0.2,0
KA/Thor,Ásdís Guðmundsdóttir,2019/20,16,4,75.3,0.3,71.4,0.3,0.6,0.9,0.4,0.9,0.5,0.1,0.3,0,0.3,0
KA/Thor,Ásdís Sigurðardóttir,2019/20,16,1.8,40.3,0,0,0.7,1.1,0.2,1.3,0.1,0.4,0,1.6,0,0.4,0
KA/Thor,Ásdís Sigurðardóttir,2018/19,7,1,31.8,0,0,0.3,0.6,0.1,0.6,0.1,0,0,0.1,0,0,0
KA/Thor,Ásdís Guðmundsdóttir,2018/19,21,2.5,74.6,0.2,50,0.3,0.5,0.7,0.6,0.3,0.4,0.2,0.4,0,0.1,0
Afturelding,Ásdís Birta Alexandersdóttir,2019/20,8,0.1,20,0,0,0.1,0.1,0,0.1,0,0,0,0.1,0,0,0
Valur,Ásdís Þóra Ágústsdóttir,2023/24,5,3,55.6,0,0,2.6,5.2,0.2,2.4,0.2,0.8,0,0.4,0,0,0
Selfoss,Ásdís Þóra Ágústsdóttir,2022/23,27,1.9,43.1,0.1,50,2.5,4.2,0.1,1.9,0.2,0.9,0.1,0.6,0,0,0
Valur,Ásdís Þóra Ágústsdóttir,2020/21,12,2,47.1,0.2,50,0.8,1.4,0.2,0.8,0.3,0.2,0,0.2,0,0,0
Valur,Ásdís Þóra Ágústsdóttir,2019/20,18,2.9,46.4,1.3,70.6,1.4,2.6,0.3,1.5,0.2,0.2,0.1,0.4,0,0.1,0
Valur,Ásdís Þóra Ágústsdóttir,2018/19,25,1.3,61.5,0.8,77.8,0,0.2,0.1,0.4,0,0,0,0,0,0,0
Valur,Ásrún Inga Arnarsdóttir,2023/24,4,0.3,50,0,0,0,0,0,0,0,0.3,0.5,1.3,0,0,0
Valur,Ásrún Inga Arnarsdóttir,2022/23,8,0.1,33.3,0,0,0.1,0.1,0,0,0,0,0,0.1,0,0.1,0
IBV,Ásta Björt Júlíusdóttir,2022/23,27,2,38.7,0.4,80,0.7,1.1,0.1,1.1,0.3,0,0,1.4,0.1,0.2,0
Haukar,Ásta Björt Júlíusdóttir,2021/22,22,4.9,48.9,2,79.6,1.5,2.7,0.2,1.2,0.4,0.1,0,0.5,0,0.2,0
IBV,Ásta Björt Júlíusdóttir,2020/21,19,4.4,49.7,2.4,80.4,0.5,1.2,0.1,0.7,0.2,0.2,0.1,1.2,0.1,0.4,0.1
IBV,Ásta Björt Júlíusdóttir,2019/20,18,6.2,51.6,3.1,91.8,1.2,1.6,0.1,2.3,0.2,0.5,0.1,1.8,0.1,0.3,0
IBV,Ásta Björt Júlíusdóttir,2018/19,24,1.9,53.5,0.8,80,0.6,0.7,0,0.6,0,0,0,0.4,0,0.1,0
IR,Ásthildur Bertha Bjarkadóttir,2023/24,5,1.6,33.3,0,0,0,0.4,0.2,0,0.4,0.4,0,0.4,0,0,0
Stjarnan,Ásthildur Bertha Bjarkadóttir,2021/22,22,1,41.2,0,0,0.1,0.1,0,0.3,0.3,0.1,0,0.2,0,0.1,0
Stjarnan,Ásthildur Bertha Bjarkadóttir,2020/21,14,1.1,53.3,0,0,0,0,0,0.1,0.2,0.1,0,0.2,0.1,0,0
Stjarnan,Ásthildur Bertha Bjarkadóttir,2019/20,7,0,0,0,0,0,0,0,0,0,0,0,0,0,0.1,0
Valur,Ásthildur Jóna Þórhallsdóttir,2023/24,3,1,50,0,0,0,0,0,0.3,0,0,0,0,0,0,0
Valur,Ásthildur Jóna Þórhallsdóttir,2022/23,3,0,0,0,0,0,0,0,0,0,0,0,0,0,0,0
Fram,Berglind Þorsteinsdóttir,2023/24,4,0.8,60,0,0,0.5,0.5,0,0,0.5,0.5,3,5.3,0.5,0.5,0
Haukar,Berglind Benediktsdóttir,2023/24,4,0.3,33.3,0,0,0.5,1.5,0,0.3,0,0.3,0,2,0.3,0.3,0
IR,Berglind Gunnarsdóttir,2023/24,5,0,0,0,0,0,0,0,0,0,0,0,0,0,0.2,0
Haukar,Berglind Benediktsdóttir,2022/23,22,2.6,70.7,1.5,72.3,0.5,1.2,0.3,0.5,0.3,0.3,0.1,3.6,0,0.1,0
Valur,Berglind Gunnarsdóttir,2022/23,2,0,0,0,0,0,0,0,0,0,0,0,0,0,0,0
HK,Berglind Þorsteinsdóttir,2022/23,4,3,48,0,0,1.3,2.1,0,1.8,0,1,0.8,1.8,0,0.3,0
Haukar,Berglind Benediktsdóttir,2021/22,23,0.8,55.9,0,0,0.2,0.3,0.4,0.4,0.2,0.3,0.3,2.5,0,0.3,0
Valur,Berglind Gunnarsdóttir,2021/22,9,0.1,100,0,0,0,0,0,0,0.1,0,0,0,0,0,0
HK,Berglind Þorsteinsdóttir,2021/22,20,1.5,35.4,0.3,85.7,0.9,1.8,0.1,1,0.2,1.1,0.8,3.4,0.1,0.6,0
HK,Berglind Þorsteinsdóttir,2020/21,11,1.8,58.8,0,0,1.1,1.4,0.2,0.8,0.2,0.7,0.5,3.3,0.1,0.3,0.1
Haukar,Berglind Benediktsdóttir,2020/21,15,0.5,33.3,0,0,0.1,0.3,0.1,0.5,0.1,0.1,0.2,2,0.1,0.1,0
Haukar,Berglind Benediktsdóttir,2019/20,18,0.7,54.5,0,0,0.3,0.4,0,0.5,0.1,0.1,0,3.3,0.1,0.3,0
HK,Berglind Þorsteinsdóttir,2019/20,12,0.8,58.8,0,0,0.6,0.6,0.1,0.5,0,0.7,1.1,4.3,0.3,0.8,0
Fram,Berglind Benediktsdóttir,2018/19,27,0.5,53.8,0,0,0.1,0.2,0.1,0.3,0.1,0.1,0.1,1,0,0.1,0
HK,Berglind Þorsteinsdóttir,2018/19,20,1.7,41,0,0,0.8,1.2,0.1,1.2,0.2,0.8,1.4,5,0.3,0.7,0.1
KA/Thor,Bergrós Ásta Guðmundsdóttir,2023/24,5,0.4,40,0,0,0,0.4,0.2,1.8,0,0,0,0.2,0,0.2,0
Haukar,Berta Rut Harðardóttir,2021/22,22,3.4,51.7,1.2,70.3,0.9,1.6,0.3,1.4,0.6,0.3,0.1,1,0,0.2,0
Haukar,Berta Rut Harðardóttir,2020/21,16,4.6,49.3,2.8,84.9,1.9,3,0.3,1.9,0.5,0.3,0.1,2.7,0.1,0.3,0
Haukar,Berta Rut Harðardóttir,2019/20,18,4.9,50.3,2,72,1.1,1.7,0.1,2.2,0.3,0.6,0.2,3.4,0.3,0.6,0
Haukar,Berta Rut Harðardóttir,2018/19,24,5.2,59,2.4,80.3,0.3,0.6,0.1,1,0.3,0.1,0.1,0.4,0,0.1,0
IBV,Birna Berg Haraldsdóttir,2023/24,5,9.2,63,3.8,90.5,3.2,4,0.4,1.8,0.4,0.6,0.4,1.6,0,0.4,0
IBV,Birna Berg Haraldsdóttir,2022/23,23,4.4,51.5,0,0,2.3,3.3,0.1,1.4,0.7,0.6,0.6,1.9,0,0.1,0
IBV,Birna Berg Haraldsdóttir,2021/22,12,0,0,0,0,0,0,0,0,0,0,0,0,0,0,0
IBV,Birna Berg Haraldsdóttir,2020/21,15,3.9,46.8,0.1,100,1.1,2.1,0.5,1.7,0.4,0.8,0.6,2.3,0,0.3,0
IBV,Birna Dís Sigurðardóttir,2023/24,3,0,0,0,0,0,0,0,0,0,0,0,0,0,0,0
FH,Birna Íris Helgadóttir,2020/21,7,0,0,0,0,0,0,0,0,0.4,0,0.6,0.9,0.3,0.1,0
IBV,Birna María Unnarsdóttir,2023/24,3,0.7,40,0,0,0,0.3,0,0,0,0,0,0,0,0.3,0
Haukar,Birta Lind Jóhannsdóttir,2023/24,5,0.8,80,0,0,0,0,0,0,0.2,0.6,0,0.2,0,0.4,0
Haukar,Birta Lind Jóhannsdóttir,2022/23,28,1.2,50.8,0,0,0.1,0.1,0,0,0.3,0.1,0,0.7,0,0,0
Haukar,Birta Lind Jóhannsdóttir,2021/22,23,2.8,64.4,0,0,0,0.1,0,0.3,0.6,0.7,0,0.6,0,0,0
Haukar,Birta Lind Jóhannsdóttir,2020/21,15,2.5,58.5,0,0,0.1,0.2,0,0.5,0.6,0.1,0,0.7,0,0.1,0
Haukar,Birta Lind Jóhannsdóttir,2019/20,18,1.4,58.1,0,0,0.1,0.1,0,0.3,0.2,0.4,0,0.8,0,0,0
Haukar,Birta Lind Jóhannsdóttir,2018/19,23,0.8,67.9,0,0,0,0,0.1,0.1,0.2,0,0,0.2,0,0,0
Stjarnan,Birta María Sigmundsdóttir,2023/24,3,0,0,0,0,0,0,0,0,0,0,0,0,0,0,0
Stjarnan,Birta María Sigmundsdóttir,2022/23,19,0.1,33.3,0,0,0,0,0,0,0,0,0,0.1,0,0.1,0
Stjarnan,Birta María Sigmundsdóttir,2021/22,10,0,0,0,0,0,0,0,0.1,0,0,0,0,0,0,0
Stjarnan,Birta María Sigmundsdóttir,2020/21,4,0,0,0,0,0,0,0,0,0,0,0,0,0,0,0
Stjarnan,Birta María Sigmundsdóttir,2019/20,3,0.7,100,0,0,0,0,0.3,0,0,0,0,0,0,0,0
Stjarnan,Birta María Sigmundsdóttir,2018/19,4,0,0,0,0,0,0,0,0,0,0,0,0.3,0,0,0
FH,Björg Bergsveinsdóttir,2020/21,3,0,0,0,0,0,0,0.3,0.3,0,0,0,0,0,0,0
FH,Britney Cots,2020/21,12,3.9,35.3,0,0,1.9,2.9,0.3,5,0.1,0.5,0.5,3.5,0.3,0.8,0.1
IBV,Britney Emilie Florianne Cots,2023/24,4,2,32,0,0,2.3,2.6,1.3,3.3,0.3,2,0.3,4.8,0.3,1.3,0
Stjarnan,Britney Emilie Florianne Cots,2022/23,26,2.3,42.3,0,0,1.2,1.5,0.4,1.7,0.3,0.8,1.1,4,0.5,1.2,0.1
Stjarnan,Britney Emilie Florianne Cots,2021/22,21,1.8,50,0,0,0.7,0.9,0.2,1.7,0.1,0.5,0.4,3.2,0.2,1,0
IBV,Bríet Ómarsdóttir,2022/23,24,0.7,66.7,0,0,0,0,0.2,0.1,0.1,0.1,0,0.1,0,0,0
IBV,Bríet Ómarsdóttir,2021/22,20,0.8,88.2,0,0,0.3,0.4,0.2,0.3,0.1,0.1,0,0.2,0,0,0
IBV,Bríet Ómarsdóttir,2020/21,19,0.2,42.9,0,0,0.1,0.2,0.2,0.2,0.1,0,0,0.1,0,0,0
IBV,Bríet Ómarsdóttir,2019/20,18,1.1,69,0,0,0.1,0.2,0.7,0.6,0.3,0,0,0.2,0,0,0
IBV,Bríet Ómarsdóttir,2018/19,23,0.1,75,0,0,0,0,0.1,0,0,0,0,0.2,0,0,0
Stjarnan,Bryndís Hulda Ómarsdóttir,2023/24,3,0,0,0,0,0,0,0,0,0,0,0,0,0,0,0
Stjarnan,Bryndís Hulda Ómarsdóttir,2022/23,13,0.1,50,0,0,0,0,0,0.1,0,0,0,0,0,0,0
Stjarnan,Brynhildur Kjartansdóttir,2019/20,3,3.3,45.5,0,0,0.3,0.3,0.7,0.3,0,0,0,0,0,0.3,0
Stjarnan,Brynhildur Kjartansdóttir,2018/19,1,2,66.7,0,0,0,0,0,1,0,0,0,0,0,0,0
Afturelding,Brynja Fossberg Ragnarsdóttir,2023/24,4,0.5,66.7,0,0,0,0,0,0.8,0,0,0,0,0,0,0
Afturelding,Brynja Fossberg Ragnarsdóttir,2021/22,21,0.6,52.2,0,0,0.1,0.2,0.2,1.2,0.4,0.2,0,0.3,0.1,0.2,0
Afturelding,Brynja Fossberg Ragnarsdóttir,2019/20,18,0.4,66.7,0,0,0.1,0.2,0.3,0.5,0.2,0,0.1,0.8,0.1,0.3,0
Valur,Brynja Katrín Benediktsdóttir,2022/23,27,0.2,75,0,0,0,0,0,0.1,0,0,0,0,0,0,0
Valur,Brynja Katrín Benediktsdóttir,2021/22,13,0.2,33.3,0,0,0,0,0,0,0,0,0,0.1,0,0,0
Fram,Daðey Ásta Hálfdánsdóttir,2022/23,23,0.4,75,0,0,0.3,0.4,0,0.3,0,0.6,0,1,0,0.2,0
Fram,Daðey Ásta Hálfdánsdóttir,2020/21,7,0.7,71.4,0,0,0.1,0.1,0.4,0.1,0.1,0.7,0,0.6,0,0,0
Fram,Daðey Ásta Hálfdánsdóttir,2019/20,5,0,0,0,0,0,0,0,0,0,0,0,0,0,0,0
IBV,Dagbjört Ýr Ólafsdóttir,2023/24,2,0.5,100,0,0,0,0,0,0,0,0,0,0,0,0,0
Fram,Dagmar Guðrún Pálsdóttir,2023/24,4,0,0,0,0,0.3,0.3,0.3,0.5,0.5,0,0,0.5,0,0,0
Fram,Dagmar Guðrún Pálsdóttir,2022/23,19,0.5,52.6,0.1,50,0.2,0.4,0.2,0.2,0,0,0,0.2,0,0,0
Fram,Dagmar Guðrún Pálsdóttir,2021/22,5,0,0,0,0,0,0,0.2,0,0,0,0,0,0,0,0
Stjarnan,Dagný Huld Birgisdóttir,2019/20,11,1.8,58.8,0,0,0.3,0.3,0.1,0.2,0.1,0.2,0,0.7,0,0.1,0
Stjarnan,Dagný Huld Birgisdóttir,2018/19,20,1.2,52.3,0,0,0,0,0,0.5,0.1,0.2,0,0.2,0,0,0
Valur,Díana Dögg Magnúsdóttir,2019/20,18,3.9,56.9,0,0,2.2,4.3,0.6,1.9,0.4,1.1,0.1,5.9,0.1,0.3,0
Valur,Díana Dögg Magnúsdóttir,2018/19,27,3.3,51.4,0,0,1.6,2.5,0.6,2,0.3,1.1,0.2,5.5,0,0.3,0
IBV,Díana Helga Guðjónsdóttir,2019/20,5,0,0,0,0,0,0,0,0.4,0,0,0,0,0,0,0
HK,Díana Kristín Sigmarsdóttir,2020/21,14,2.4,32.7,0.4,75,1,1.7,0.1,2.3,0.1,0.1,0,0.4,0,0.1,0
HK,Díana Kristín Sigmarsdóttir,2019/20,19,5.2,43.8,0.8,78.9,1.7,2.4,0.1,3.4,0.2,0.1,0.1,1.7,0.2,0.3,0.1
HK,Díana Kristín Sigmarsdóttir,2018/19,20,5.4,43.4,1.3,78.8,1.4,2.2,0.2,2.4,0.1,0.1,0.2,1.7,0.2,0.3,0
Afturelding,Drífa Garðarsdóttir,2023/24,3,0.3,100,0,0,0,0,0,0,0,0,0,0,0,0,0
Afturelding,Drífa Garðarsdóttir,2021/22,21,1,48.8,0,0,0.1,0.1,0,0.4,0.2,0.6,0,0.2,0,0.1,0
Afturelding,Drífa Garðarsdóttir,2019/20,11,0.2,33.3,0,0,0,0,0,0.1,0,0,0,0.1,0,0,0
Stjarnan,Elena Elísabet Birgisdóttir,2022/23,4,0.5,66.7,0,0,0.3,0.3,0.3,0.5,0,0,0,0,0,0,0
Stjarnan,Elena Elísabet Birgisdóttir,2021/22,22,1.7,88.1,0,0,0.3,0.3,0.2,0.3,0.3,0.6,0.4,2,0.1,0.3,0
Stjarnan,Elena Elísabet Birgisdóttir,2020/21,15,0.3,80,0,0,0.1,0.1,0.3,0.1,0.1,0.4,0.3,1.1,0.1,0.5,0
Stjarnan,Elena Elísabet Birgisdóttir,2019/20,12,1.2,66.7,0,0,0.1,0.1,0.2,0.5,0.4,0.3,0.1,2.6,0.2,0.2,0
Fram,Elín Ása Bjarnadóttir,2023/24,4,0,0,0,0,0,0,0.3,0,0,0,0,0,0,0,0
Valur,Elín Helga Lárusdóttir,2020/21,2,0,0,0,0,0,0,0,0,0,0,0,0,0,0,0
Valur,Elín Helga Lárusdóttir,2019/20,2,0,0,0,0,0,0,0.5,0,0,0,0,0,0,0,0
Haukar,Elín Klara Þorkelsdóttir,2023/24,5,9,76.3,3.6,85.7,3.6,5.2,2,2.2,0.8,0.8,0,3,0,0.6,0
Haukar,Elín Klara Þorkelsdóttir,2022/23,28,6.9,59,1.5,63.2,3.8,6.1,2,2,0.5,1.2,0.1,5.1,0.3,0.5,0
Haukar,Elín Klara Þorkelsdóttir,2021/22,23,3.9,65.2,0,0,3.3,5,1.5,2.3,0.6,0.7,0,4.3,0,0.4,0
Haukar,Elín Klara Þorkelsdóttir,2020/21,12,2.1,69.4,0,0,0.4,1.2,0.9,1.2,0.4,0.3,0,1.6,0,0,0
Selfoss,Elín Krista Sigurðardóttir,2018/19,11,0.2,33.3,0,0,0,0,0,0.1,0,0,0,0,0,0,0
Valur,Elín Rósa Magnúsdóttir,2023/24,5,2.4,57.1,0,0,2.2,4,1,0.8,0,1,0,3.2,0,0.2,0
Valur,Elín Rósa Magnúsdóttir,2022/23,28,2.9,60.2,0,0,2.4,3.8,1.6,1.6,0.3,0.4,0.1,2,0,0,0
Valur,Elín Rósa Magnúsdóttir,2021/22,26,2,56,0,0,2,2.9,0.8,2.7,0.2,0.3,0.1,0.6,0,0,0
Valur,Elín Rósa Magnúsdóttir,2020/21,20,2.4,70.6,0,0,1,1.6,1.2,1.4,0,0.3,0.1,0.8,0,0.1,0
Valur,Elín Rósa Magnúsdóttir,2019/20,18,1.1,50,0,0,0.4,0.6,0.9,0.8,0.2,0.2,0,1.3,0,0.2,0
Selfoss,Elínborg Katla Þorbjörnsdóttir,2022/23,21,1.5,40.8,0,0,0.5,0.7,0.2,1.5,0.7,0.4,0.4,5.1,0.1,0.7,0
IBV,Elísa Elíasdóttir,2023/24,5,3,75,0,0,0.6,0.6,2.2,0.8,0.4,1,0.4,3.4,0.4,0.8,0
IBV,Elísa Elíasdóttir,2022/23,28,3,73.7,0,0,0.2,0.3,0.4,0.7,0.4,0.3,1.1,3.6,0.2,0.4,0
IBV,Elísa Elíasdóttir,2021/22,24,3.3,76.7,0,0,0.3,0.5,1.3,0.7,0.4,0.8,0.3,4,0.1,0.4,0
IBV,Elísa Elíasdóttir,2020/21,19,2.2,70.7,0,0,0.3,0.3,0.8,0.7,0.2,0.4,0.3,4.1,0.1,0.6,0
IBV,Elísa Björk Björnsdóttir,2019/20,8,0.3,100,0,0,0.1,0.1,0,0.3,0.1,0,0,0,0,0,0
IBV,Elísa Björk Björnsdóttir,2018/19,12,0,0,0,0,0,0,0,0,0.3,0,0,0.2,0,0,0
Stjarnan,Elísabet Gunnarsdóttir,2023/24,2,0.5,100,0,0,0,0,0.5,0.5,0,0,0,0,0,0,0
Stjarnan,Elísabet Gunnarsdóttir,2022/23,28,2.6,79.6,0.1,75,0.3,0.3,0.9,0.5,0.3,0.1,0,0.3,0,0.2,0
Stjarnan,Elísabet Gunnarsdóttir,2021/22,23,3.6,78.3,0.9,72.4,0.1,0.2,1,0.6,0.3,0.3,0,0.3,0,0.1,0
Stjarnan,Elísabet Gunnarsdóttir,2020/21,15,2.1,66,0.2,75,0.1,0.1,1,0.3,0.3,0.2,0.1,1,0.1,0.1,0
Stjarnan,Elísabet Gunnarsdóttir,2019/20,5,2,76.9,0,0,0,0,0.6,0,0.2,0.4,0.2,0.8,0,0,0
Stjarnan,Elísabet Gunnarsdóttir,2018/19,20,2.2,77.2,0.1,50,0.4,0.5,0.9,0.9,0.2,0.4,0.2,1.6,0.1,0.6,0
Fram,Elna Ólöf Guðjónsdóttir,2023/24,2,0.5,100,0,0,0,0,0,0.5,0,0,0,1,0,0.5,0
HK,Elna Ólöf Guðjónsdóttir,2022/23,2,0,0,0,0,0,0,0,0,0,0,0,0,0,0,0
HK,Elna Ólöf Guðjónsdóttir,2021/22,20,3.2,69.2,0,0,0.2,0.4,0.9,0.9,0.2,1.2,0.3,5.8,0.3,0.7,0
HK,Elna Ólöf Guðjónsdóttir,2020/21,14,2.7,77.6,0,0,0.4,0.4,1,1.1,0.3,0.9,0.1,7.4,0.1,0.5,0
HK,Elna Ólöf Guðjónsdóttir,2019/20,19,1.7,70.2,0,0,0.2,0.3,0.9,0.9,0.3,0.7,0.1,4.7,0.3,0.7,0
HK,Elna Ólöf Guðjónsdóttir,2018/19,15,1.9,63.6,0,0,0.1,0.2,0.7,0.5,0.3,0.3,0.1,2.4,0.1,0.5,0
KA/Thor,Elsa Björg Guðmundsdóttir,2023/24,5,0.6,100,0,0,0,0,0,0,0.2,0,0,0,0,0,0
KA/Thor,Elsa Björg Guðmundsdóttir,2022/23,7,0,0,0,0,0,0,0,0,0,0,0,0,0,0,0
HK,Elva Arinbjarnar,2019/20,8,1.1,34.6,0.3,100,0.5,1.3,0.3,1,0.3,0,0.8,1.8,0.3,0.1,0
HK,Elva Arinbjarnar,2018/19,20,2.6,38.5,0,0,1.5,2.1,0.3,2,0.1,0.5,0.8,1.9,0,0.4,0
Fram,Elva Þóra Arnardóttir,2020/21,14,0.1,100,0,0,0.1,0.1,0,0.1,0,0.1,0.1,0.6,0,0.1,0
Fram,Elva Þóra Arnardóttir,2019/20,18,0.2,100,0,0,0.3,0.3,0,0,0,0.2,0.4,0.9,0,0.1,0
Fram,Elva Þóra Arnardóttir,2018/19,27,0.6,78.9,0,0,0.1,0.1,0,0.1,0,0.1,0.8,1.1,0,0.1,0
Stjarnan,Embla Steindórsdóttir,2023/24,5,6.6,57.9,1.4,77.8,3.2,4.4,1.6,2.2,0,0.6,0,4.2,0.2,0.4,0
HK,Embla Steindórsdóttir,2022/23,20,4.4,43.3,1.1,59.5,2.5,3.5,1.3,3,0.3,0.7,0.1,4,0.1,0.7,0.1
HK,Embla Steindórsdóttir,2021/22,17,0.2,42.9,0,0,0.2,0.4,0.4,0.8,0,0.2,0,0.4,0,0.1,0
HK,Embla Steindórsdóttir,2020/21,1,0,0,0,0,0,0,1,0,0,0,0,0,0,0,0
FH,Emilie Jakobsen,2020/21,5,0.8,66.7,0,0,0,0,0.2,1,0.2,0.2,0,0,0,0.2,0
Afturelding,Emilía Guðrún Hauksdóttir,2021/22,16,0.1,20,0,0,0.1,0.2,0.1,0.3,0.1,0,0,0.4,0,0,0
Haukar,Emilía Katrín Matthíasdóttir,2022/23,24,0,0,0,0,0,0,0,0,0,0,0,0,0,0,0
Haukar,Emilía Katrín Matthíasdóttir,2021/22,8,0.1,50,0,0,0.1,0.1,0,0.3,0,0.3,0,0,0,0,0
Haukar,Emilía Katrín Matthíasdóttir,2020/21,13,0.2,50,0,0,0,0,0,0.1,0.1,0,0,0,0,0.1,0
FH,Emilía Ósk Steinarsdóttir,2020/21,14,3.6,36.2,1.1,88.2,0.9,1.3,0.2,2.6,0.3,0.4,0.1,2.2,0,0.9,0
Selfoss,Emilía Ýr Kjartansdóttir,2022/23,2,0,0,0,0,0,0,0,0,0,0,0,0,0,0,0
Fram,Emma Olsson,2021/22,27,3,60.4,0,0,0.6,0.8,0.7,1.3,0.6,0.5,0.7,3.7,0.3,0.7,0.1
FH,Emma Havin Sardardóttir,2020/21,14,0.9,63.2,0,0,0,0,0.1,0.4,0.4,0.2,0,0.6,0,0.1,0
Haukar,Ena Car,2022/23,25,2.4,41.1,0.4,69.2,1.3,2.2,0.5,1.6,0.4,0.8,0.2,4.2,0.2,0.3,0
IBV,Erika Ýr Ómarsdóttir,2023/24,5,0,0,0,0,0,0,0,0,0,0,0,0,0,0,0
IBV,Erika Ýr Ómarsdóttir,2020/21,16,0,0,0,0,0,0,0,0,0,0,0,0.1,0,0,0
KA/Thor,Erla Hleiður Tryggvadóttir,2021/22,2,0,0,0,0,0,0,0,0,0,0,0,0,0,0,0
KA/Thor,Erla Hleiður Tryggvadóttir,2019/20,1,0,0,0,0,0,0,0,0,0,0,0,0,0,0,0
IR,Erla María Magnúsdóttir,2023/24,5,1,62.5,0,0,0,0,0,0.4,0,0,0,0,0,0,0
KA/Thor,Erla Rós Einarsdóttir,2022/23,3,0,0,0,0,0,0,0,0,0,0,0,0,0,0,0
Fram,Erna Guðlaug Gunnarsdóttir,2023/24,4,1.5,60,0,0,1.5,2,0.3,1,0,0.3,0,2.8,0,0,0
Fram,Erna Guðlaug Gunnarsdóttir,2022/23,22,1.9,52.5,0,100,3,4.2,0.7,2,0.7,0.5,0,1,0.1,0.2,0
Fram,Erna Guðlaug Gunnarsdóttir,2021/22,28,0.6,52.9,0,100,0.4,0.7,0.2,0.5,0.1,0.1,0,0.3,0,0,0
Fram,Erna Guðlaug Gunnarsdóttir,2020/21,13,0.2,60,0.1,100,0.3,0.5,0.3,0.1,0,0.1,0.1,0.3,0,0,0
Fram,Erna Guðlaug Gunnarsdóttir,2019/20,18,0.2,57.1,0,0,0.1,0.2,0,0.1,0,0.2,0,0.2,0,0.1,0
Fram,Erna Guðlaug Gunnarsdóttir,2018/19,7,0,0,0,0,0.4,0.4,0,0.3,0,0,0,0.1,0,0,0
IBV,Ester Óskarsdóttir,2020/21,6,0.5,60,0,0,0.3,0.6,0,0.5,0.2,0.2,0.2,0.2,0,0.3,0
IBV,Ester Óskarsdóttir,2019/20,11,4.3,43.9,0,0,1.9,4.2,0.5,2.4,0.3,1.1,1.1,3.8,0.2,0.6,0
IBV,Ester Óskarsdóttir,2018/19,23,4.9,48.9,0,0,3,4.3,0.6,3.2,0.2,2,0.6,4,0.1,0.6,0
Haukar,Ester Amíra Ægisdóttir,2023/24,5,0,0,0,0,0,0,0,0,0,0,0,0,0,0,0
Haukar,Ester Amíra Ægisdóttir,2022/23,17,0,0,0,0,0.1,0.1,0,0.1,0,0,0,0,0,0,0
Haukar,Ester Amíra Ægisdóttir,2021/22,1,0,0,0,0,0,0,0,0,0,0,0,0,0,0,0
Afturelding,Eva Aðalsteinsdóttir,2019/20,8,0.1,33.3,0,0,0,0,0,0.1,0,0,0,0.1,0,0,0
IBV,Eva Aðalsteinsdóttir,2018/19,10,0,0,0,0,0,0,0,0.2,0,0,0,0.2,0,0.1,0
Stjarnan,Eva Björk Davíðsdóttir,2023/24,5,4.2,51.2,1.8,81.8,2.2,3.6,1,3.4,0.4,1.2,0.2,4.6,0,0.4,0
Stjarnan,Eva Björk Davíðsdóttir,2022/23,28,4,56.9,1.8,76.6,2.3,3.3,0.6,2.2,0.6,0.4,0.2,2.1,0,0.3,0
Stjarnan,Eva Björk Davíðsdóttir,2021/22,23,4.8,54.5,1.7,73.1,3.4,4.9,1.1,2.6,0.2,0.3,0.1,2,0.1,0.5,0
Stjarnan,Eva Björk Davíðsdóttir,2020/21,16,6.8,60.2,2.9,80.7,3,4.9,0.6,3.6,0.3,0.5,0.6,2.6,0.1,0.3,0
HK,Eva Hrund Harðardóttir,2018/19,21,0.7,78.9,0.1,100,0,0,0.1,0.3,0,0,0,0.4,0,0.1,0
FH,Fanney Þóra Þórsdóttir,2020/21,12,3.1,50.7,1.4,81,1.3,2.1,1.1,2.7,0.6,0.8,0.8,4.8,0.1,0.3,0
Afturelding,Fanney Ösp Finnsdóttir,2023/24,3,0.3,100,0,0,0,0,0,0.3,0,0,0,0,0,0,0
FH,Freydís Jara Þórsdóttir,2020/21,10,0.9,25,0,0,0.3,0.7,0,1.9,0.1,0.1,0,0.3,0,0,0
Stjarnan,Freydís Jara Þórsdóttir,2018/19,9,0.9,72.7,0.9,80,0.1,0.2,0,0.1,0,0,0,0,0,0,0
Valur,Gerður Arinbjarnar,2019/20,3,0.7,50,0,0,0,0,0.7,0.3,0,0.3,1.3,3.3,0.3,0.3,0
Valur,Gerður Arinbjarnar,2018/19,26,0.6,62.5,0,0,0.1,0.1,0,0.4,0.3,0.1,0.7,4.7,0.2,0.5,0
HK,Guðbjörg Erla Steinarsdóttir,2022/23,1,0,0,0,0,0,0,0,0,0,0,0,0,0,0,0
Stjarnan,Guðmunda Auður Guðjónsdóttir,2023/24,5,0.4,66.7,0,0,0,0,0,0,0,0,0,0.2,0.2,0.2,0
Fram,Guðrún Erla Bjarnadóttir,2021/22,20,1.4,47.4,0,0,0.5,0.7,0,0.9,0.4,0.1,0,0.4,0,0.1,0
Fram,Guðrún Erla Bjarnadóttir,2020/21,15,0.8,52.2,0.1,66.7,0.2,0.3,0.3,0.8,0.1,0.1,0,0.1,0,0,0
Haukar,Guðrún Erla Bjarnadóttir,2019/20,18,3.3,53.1,0.7,75,1.5,2.2,0.6,2.7,0.2,0.2,0,1.5,0.1,0.4,0
Haukar,Guðrún Erla Bjarnadóttir,2018/19,11,0.5,33.3,0.2,66.7,0.2,0.5,0.2,0.5,0.1,0,0,0.2,0,0.1,0
Valur,Guðrún Hekla Traustadóttir,2023/24,5,0.4,66.7,0,0,0,0.2,0.4,0,0,0,0,0.8,0,0,0
Valur,Guðrún Hekla Traustadóttir,2022/23,14,0,0,0,0,0.1,0.2,0,0,0,0.1,0,0.1,0,0,0
Haukar,Guðrún Jenný Sigurðardóttir,2021/22,3,0,0,0,0,0,0,0,0,0,0.3,0,0,0,0,0
Haukar,Guðrún Jenný Sigurðardóttir,2020/21,16,0.5,72.7,0,0,0,0,0.3,0.1,0.1,0,0.1,0.3,0,0.1,0
IR,Guðrún Maryam Rayadh,2023/24,5,0,0,0,0,0,0,0,0,0,0,0,0.4,0,0,0
Afturelding,Guðrún Maryam Rayadh,2019/20,8,0,0,0,0,0,0.1,0,0,0,0,0,0,0,0,0
Haukar,Gunnhildur  Pétursdóttir,2022/23,22,0.9,60.6,0.7,71.4,0.1,0.1,0,0.2,0.2,0,0,0.2,0,0.1,0
Haukar,Gunnhildur  Pétursdóttir,2021/22,11,0.5,62.5,0,0,0.1,0.2,0,0.5,0,0.1,0,0.1,0,0,0
HK,Hafdís Shizuka Iura,2020/21,14,1.4,54.3,0,0,0.5,0.7,0.3,1.5,0,0.1,0,0.7,0,0.1,0
HK,Hafdís Shizuka Iura,2019/20,8,0.3,40,0,0,0.1,0.2,0.4,0.6,0,0,0,0.3,0,0,0
Fram,Hafdís Shizuka Iura,2018/19,19,0.9,45,0,0,0.5,0.7,0.3,0.8,0,0.1,0,0.4,0.1,0.2,0
Selfoss,Hafdís Alda Hafdal,2022/23,12,0,0,0,0,0,0,0,0.1,0,0,0,0,0,0,0
IBV,Hafrún Dóra Hafþórsdóttir,2019/20,1,0,0,0,0,0,0,0,0,0,0,0,0,0,0,0
Stjarnan,Hanna Guðrún Hauksdóttir,2023/24,5,0.2,50,0,0,1,1.6,0.4,1.4,0,0,0,2.8,0,0.2,0
Stjarnan,Hanna Guðrún Stefánsdóttir,2022/23,26,1.2,58.2,0,0,0.2,0.4,0.1,0.2,0.6,0.5,0,0.6,0,0.1,0
Stjarnan,Hanna Guðrún Hauksdóttir,2022/23,28,0.2,50,0,0,0.5,0.8,0.1,0.5,0.1,0.1,0,0.4,0,0.1,0
Stjarnan,Hanna Guðrún Stefánsdóttir,2021/22,15,1,60,0.1,66.7,0.1,0.2,0.1,0.1,0.3,0.6,0,0.7,0.1,0.1,0
Stjarnan,Hanna Guðrún Hauksdóttir,2021/22,12,0,0,0,0,0,0,0,0,0,0,0.2,0.1,0,0,0
Stjarnan,Hanna Guðrún Stefánsdóttir,2020/21,12,2.1,61,0,0,0.1,0.2,0,0.3,0.3,0.8,0,1.1,0,0.1,0
Stjarnan,Hanna Guðrún Stefánsdóttir,2019/20,12,3.5,66.7,1.1,76.5,0.3,0.6,0.1,0.6,0,1,0,1.7,0,0.2,0
Stjarnan,Hanna Guðrún Stefánsdóttir,2018/19,18,2.4,62.9,0.4,80,0.1,0.4,0.1,0.5,0.2,0.7,0.2,1.7,0.1,0.1,0
Haukar,Hanna Jakobsdóttir Dalsgarð,2020/21,5,0,0,0,0,0,0,0,0,0,0,0,0,0,0,0
IR,Hanna Karen Ólafsdóttir,2023/24,5,3.4,70.8,0,0,0,0,0.2,0.4,0,0.6,0,1,0,0,0
Valur,Hanna Karen Ólafsdóttir,2022/23,9,0.1,33.3,0,0,0,0,0,0.1,0.1,0,0,0.1,0,0,0
Valur,Hanna Karen Ólafsdóttir,2021/22,28,0.6,51.4,0,0,0,0,0.1,0.1,0.1,0.1,0,0.4,0,0,0
Valur,Hanna Karen Ólafsdóttir,2020/21,14,0.4,41.7,0,0,0,0.1,0.1,0,0.1,0,0,0.4,0,0,0
Valur,Hanna Karen Ólafsdóttir,2019/20,1,0,0,0,0,0,0,0,0,0,0,0,0,0,0,0
Fram,Harpa María Friðgeirsdóttir,2023/24,4,2.8,55,0,0,1,1,0.3,0.8,0,1.3,0,0.3,0,0,0
Fram,Harpa María Friðgeirsdóttir,2022/23,22,0.9,60.6,0,0,0.4,0.4,0.1,0.3,0.2,0.5,0,0.7,0,0.1,0
Fram,Harpa María Friðgeirsdóttir,2021/22,28,1.5,60,0,0,0.2,0.3,0.1,0.2,0.5,0,0,0.4,0,0,0
Fram,Harpa María Friðgeirsdóttir,2020/21,12,0.7,80,0,0,0.1,0.1,0.1,0,0.3,0,0,0.3,0,0.1,0
Fram,Harpa María Friðgeirsdóttir,2019/20,8,0,0,0,0,0,0,0,0,0,0,0,0.1,0,0,0
Fram,Harpa María Friðgeirsdóttir,2018/19,19,0.7,70,0,0,0.1,0.2,0.1,0.2,0.1,0.1,0,0.1,0,0,0
IBV,Harpa Valey Gylfadóttir,2022/23,25,2.8,68.3,0,0,0.3,0.4,0.6,0.7,0.7,0.8,0,0.4,0,0.1,0
IBV,Harpa Valey Gylfadóttir,2021/22,27,4.6,64.4,0,0,0.4,0.6,0.7,1.1,0.6,0.9,0.1,1,0,0.2,0
IBV,Harpa Valey Gylfadóttir,2020/21,19,2.3,63.8,0,0,0.4,0.5,0.3,0.7,0.5,1.5,0,2.3,0.2,0.3,0
IBV,Harpa Valey Gylfadóttir,2019/20,18,1.2,50,0,0,0.4,0.6,0.4,1.1,0.1,0.6,0,2.5,0,0.4,0
IBV,Harpa Valey Gylfadóttir,2018/19,24,0.7,59.3,0,100,0.1,0.1,0.1,0.3,0.1,0.3,0.1,0.3,0,0.1,0
FH,Heiðdís Rún Guðmundsdóttir,2020/21,11,0.2,33.3,0,0,0.2,0.5,0,0.8,0.3,0,0.1,0.9,0,0.1,0
HK,Heiðrún Berg Sverrisdóttir,2020/21,14,0,0,0,0,0,0,0,0.1,0,0,0,0,0,0.1,0
Valur,Heiðrún Berg Sverrisdóttir,2019/20,6,0,0,0,0,0,0,0,0,0.2,0.2,0,0,0,0,0
Valur,Heiðrún Berg Sverrisdóttir,2018/19,1,1,33.3,0,0,0,0,0,1,0,1,0,0,0,0,0
Stjarnan,Hekla Rán Hilmisdóttir,2022/23,9,0,0,0,0,0.2,0.2,0,0.1,0,0,0,0.1,0,0,0
Fram,Hekla Rún Ámundadóttir,2022/23,16,1.3,64.5,0,0,0.9,1.4,0.2,1,0.3,0.1,0.1,1.9,0.1,0.1,0
Haukar,Hekla Rún Ámundadóttir,2021/22,3,0,0,0,0,0,0,0,0.7,0,0,0,0,0,0,0
Haukar,Hekla Rún Ámundadóttir,2020/21,16,1.6,54.3,0,0,0.9,1.2,0.8,1.3,0.5,0.3,0.1,2.1,0,0.1,0.1
Haukar,Hekla Rún Ámundadóttir,2019/20,13,1.2,55.2,0,0,0.1,0.3,0.4,1.1,0.3,0.2,0,1,0,0.3,0
Haukar,Hekla Rún Ámundadóttir,2018/19,24,2.6,60,0,0,0.9,1.3,0.6,1,0.4,0.5,0.1,2.2,0,0.2,0
Haukar,Helena Ósk Krisjánsdóttir,2020/21,3,1,60,0,0,0,0,0,0,0.7,0,0,0.3,0,0,0
Haukar,Helena Ósk Krisjánsdóttir,2019/20,18,0.5,47.4,0,0,0.1,0.1,0.1,0.5,0.3,0.2,0,0.8,0.1,0.1,0
HK,Helena Ósk Krisjánsdóttir,2018/19,17,0.6,52.4,0,0,0.1,0.2,0,0.2,0,0.1,0.1,0.3,0,0.1,0
Stjarnan,Helena Rut Örvarsdóttir,2023/24,4,5.3,44.7,0,0,1,1.5,0,2.3,0,0.8,0.8,4.5,0.5,0.3,0
Stjarnan,Helena Rut Örvarsdóttir,2022/23,28,6.1,50.7,0,0,2,2.9,0.4,3.1,0.8,0.6,1.5,4.6,0.2,0.7,0
Stjarnan,Helena Rut Örvarsdóttir,2021/22,24,4.6,46.6,0,0,2,3,0.7,2.3,0.4,0.8,1.1,3.1,0.2,0.4,0
Stjarnan,Helena Rut Örvarsdóttir,2020/21,16,6,49.2,0,0,1.1,2,0.4,2.3,0.3,0.6,0.8,5.3,0.3,0.6,0
IBV,Helga Margrét Thorlacius,2023/24,5,0.2,50,0,0,0,0,0,0,0,0,0,0,0,0,0
KA/Thor,Helga María Viðarsdóttir,2019/20,2,0,0,0,0,0,0,0,0.5,0,0,0,0,0,0,0
KA/Thor,Helga María Viðarsdóttir,2018/19,6,0,0,0,0,0,0,0,0,0,0,0,0,0,0,0
HK,Hera Huld Gunnlaugsdóttir,2019/20,1,0,0,0,0,0,0,0,0,0,0,0,0,0,0,0
IBV,Herdís Eiríksdóttir,2022/23,4,0.3,100,0.3,100,0,0,0,0.3,0,0,0,0,0,0,0
HK,Herdís Freyja Friðriksdóttir,2022/23,1,0,0,0,0,0,0,0,0,0,0,0,0,0,0,0
Valur,Hildigunnur Einarsdóttir,2023/24,5,3,78.9,0,0,0.4,1,1.2,0.6,0,1,1.4,3,0.2,0,0
Valur,Hildigunnur Einarsdóttir,2022/23,26,2,66.2,0,0,0.2,0.2,0.8,0.7,0.2,0.5,1,2.7,0.2,0.2,0
Valur,Hildigunnur Einarsdóttir,2021/22,28,2.7,76.5,0,50,0.3,0.4,1,0.8,0.1,0.5,1.1,3.3,0.1,0.3,0
Valur,Hildur Björnsdóttir,2023/24,1,0,0,0,0,0,0,0,0,0,0,0,0,0,0,0
Valur,Hildur Björnsdóttir,2022/23,26,1,77.1,0,0,0,0,0.2,0.5,0.1,0.4,0.8,2.2,0,0.2,0
Fram,Hildur Þorgeirsdóttir,2022/23,1,0,0,0,0,0,0,0,0,0,0,0,0,0,0,0
Valur,Hildur Sigurðardóttir,2021/22,3,1.3,80,0,0,0,0,0,0,0,0,0,0.7,0.3,0,0
Valur,Hildur Björnsdóttir,2021/22,26,0.7,60,0,0,0,0,0.5,0.3,0.2,0,0.9,2.2,0.2,0.1,0
Fram,Hildur Þorgeirsdóttir,2021/22,28,2.5,39.4,0.2,75,3.5,5.9,0.3,2.4,0.9,0.2,0.1,2.5,0.1,0.1,0
Valur,Hildur Björnsdóttir,2020/21,3,1,75,0,0,0,0,0,0.3,0.3,0.7,0.7,2.3,0,0.3,0
Fram,Hildur Þorgeirsdóttir,2020/21,11,1.7,36.5,0.1,100,3.2,4.2,0.1,2.5,0.5,0.5,0.2,1.6,0.1,0.1,0
Stjarnan,Hildur Guðjónsdóttir,2020/21,1,0,0,0,0,0,0,0,0,0,0,0,0,0,0,0
Valur,Hildur Björnsdóttir,2019/20,18,2,78.3,0,0,0.4,0.5,1,0.6,0.2,0.3,1.1,3.4,0.2,0.3,0
Fram,Hildur Þorgeirsdóttir,2019/20,18,2.2,47.1,0,0,4.5,6.1,0.2,2.6,0.3,0.6,0.7,1.9,0,0.1,0
Stjarnan,Hildur Guðjónsdóttir,2019/20,15,0.6,31,0.1,66.7,0.2,0.3,0,0.2,0,0.1,0,0.8,0,0,0
Fram,Hildur Þorgeirsdóttir,2018/19,27,2.4,46.4,0,0,3.7,5.4,0.1,2,0.2,0.4,0.3,2,0,0.1,0
Stjarnan,Hildur Guðjónsdóttir,2018/19,6,0.2,100,0,0,0,0,0,0.2,0,0,0,0,0,0,0
Valur,Hildur Björnsdóttir,2018/19,22,0.9,86.4,0,0,0,0,0.2,0.1,0,0,0.2,1.1,0,0.1,0
Afturelding,Hildur Lilja  Jónsdóttir,2023/24,4,6.8,61.4,1.8,70,2.3,3.6,0.3,2,0.5,1,0,2,0,0.5,0
KA/Thor,Hildur Lilja  Jónsdóttir,2022/23,24,2.4,38.8,0,0,1,1.7,0.1,1.3,0.5,0.4,0,0.7,0,0.1,0
KA/Thor,Hildur Lilja  Jónsdóttir,2021/22,25,0.7,48.6,0,50,0.2,0.5,0,0.1,0.1,0,0,0.2,0,0,0
KA/Thor,Hildur Lilja  Jónsdóttir,2020/21,12,0,0,0,0,0,0.1,0.1,0,0,0,0,0,0,0,0
KA/Thor,Hildur Magnea Valgeirsdóttir,2023/24,5,0.2,100,0,0,0,0,0,0,0.4,0,0,0,0,0,0
KA/Thor,Hildur Marín Andrésdóttir,2022/23,6,0.2,100,0,0,0,0,0.2,0.5,0,0,0,0.2,0,0,0
IBV,Hrafnhildur Hanna Þrastardóttir,2022/23,29,8,53.8,2.3,79.8,3.2,4.9,0.6,2.5,0.9,0.4,0.2,3.1,0.1,0.1,0
IBV,Hrafnhildur Hanna Þrastardóttir,2021/22,17,4.7,46.2,1.6,84.8,2.4,3.9,0.5,2.5,0.3,0.6,0,0.1,0,0,0
IBV,Hrafnhildur Hanna Þrastardóttir,2020/21,18,5,44.3,0.1,100,1.9,3,0.1,2.6,0.6,1.1,0.3,2.6,0,0.1,0
Selfoss,Hrafnhildur Hanna Þrastardóttir,2018/19,14,7.2,52.3,1.7,70.6,2.7,4.1,0.2,1.8,0.2,0.3,0.4,2.1,0.1,0.1,0
Afturelding,Hrafnhildur Hólm Guðnadóttir,2023/24,4,2,72.7,0,0,0.3,0.3,0.3,1,0,0,0,1.5,0,0.3,0
Afturelding,Hrafnhildur Hólm Guðnadóttir,2021/22,17,1.3,44.9,0.3,71.4,0.6,1.1,0.4,0.6,0.1,0.1,0.1,0.6,0,0.1,0
KA/Thor,Hrafnhildur Irma Jónsdóttir,2022/23,10,0.3,33.3,0,0,0.1,0.3,0,0.7,0,0,0,0.1,0,0,0
KA/Thor,Hulda Bryndís Tryggvadóttir,2022/23,2,1.5,42.9,0,0,2.5,3,0.5,3.5,0,0,0,0,0,0,0
KA/Thor,Hulda Bryndís Tryggvadóttir,2021/22,23,1.7,52.1,0,0,2.6,4.4,0.6,2,0.3,0.4,0,2,0.1,0.3,0
KA/Thor,Hulda Bryndís Tryggvadóttir,2020/21,18,2.6,52.3,0,0,2.2,3.3,0.9,2.1,0.2,0.5,0.3,3.1,0.1,0.2,0
KA/Thor,Hulda Bryndís Tryggvadóttir,2019/20,15,1.9,46,0,0,2.5,3.6,0.6,1.4,0.4,1.3,0.1,3.3,0.2,0.1,0
KA/Thor,Hulda Bryndís Tryggvadóttir,2018/19,21,2.4,46.4,0,0,2.7,3.7,0.4,2.6,0.4,0.7,0.2,2.3,0,0.2,0
Selfoss,Hulda Dís Þrastardóttir,2022/23,1,0,0,0,0,0,0,0,0,0,0,0,0,0,0,0
Valur,Hulda Dís Þrastardóttir,2021/22,27,0.4,47.8,0,0,0.4,0.5,0,0.3,0.1,0.4,0.2,2,0.1,0.2,0
Valur,Hulda Dís Þrastardóttir,2020/21,20,0.7,58.3,0,0,0.2,0.3,0.1,0.3,0.4,0.5,0.7,4.5,0.2,0.4,0
Selfoss,Hulda Dís Þrastardóttir,2018/19,21,1.6,37.9,0.2,62.5,1.3,1.8,0.1,1.5,0.2,0.7,0.3,2.9,0,0.3,0
Selfoss,Hulda Hrönn Bragadóttir,2022/23,21,1,38.2,0,0,0.2,0.3,0.1,0.7,0.1,0.2,0,0.5,0,0,0
KA/Thor,Ida Margrethe Hoberg,2022/23,12,4.8,46,0,0,1.1,1.9,0.5,3.4,0.3,0.6,0.3,4.6,0,0.6,0.1
Haukar,Inga Dís Jóhannsdóttir,2023/24,5,3.8,67.9,0,0,3.6,6.8,1.2,2.8,0.4,0.4,0.8,3.4,0,0.2,0
HK,Inga Dís Jóhannsdóttir,2022/23,19,2.7,38.6,0.2,75,1.4,2.1,0.4,1.9,0.3,0.5,0.4,1.8,0.2,0.4,0
HK,Inga Dís Jóhannsdóttir,2021/22,9,0.1,20,0,0,0,0,0,0,0,0,0,0,0,0,0
Selfoss,Inga Sól Björnsdóttir,2022/23,8,0.6,55.6,0,0,0,0.3,0,0.3,0.4,0.4,0.1,1.8,0,0.4,0
Haukar,Ingeboerg Furunes,2023/24,2,3,54.5,0,0,2.5,4,2,3.5,0.5,0.5,0,2,0,0.5,0
IBV,Ingibjørg Olsen,2022/23,28,0.8,45.7,0,0,0.1,0.1,0.1,0.1,0.2,0.4,0,0.2,0,0,0
Stjarnan,Ivana Jorna Meincke,2023/24,5,1.2,75,0,0,0,0,0.4,0.2,0,0,0,0.4,0,0,0
Stjarnan,Ída Bjarklind Magnúsdóttir,2020/21,16,0.4,29.2,0,0,0.1,0.2,0,0.3,0.1,0.1,0.1,0.7,0,0.3,0
Selfoss,Ída Bjarklind Magnúsdóttir,2018/19,19,1.3,36.4,0.1,100,0.8,1.2,0.2,2.2,0.1,0.3,0.2,1.4,0.2,0.2,0
Valur,Ída Margrét Stefánsdóttir,2021/22,18,0.2,26.7,0,0,0.1,0.3,0,0.2,0,0.2,0.3,0.7,0.1,0.1,0
Valur,Ída Margrét Stefánsdóttir,2020/21,16,0.3,62.5,0,0,0.1,0.1,0,0,0.1,0,0.1,0.1,0,0.1,0
Valur,Ída Margrét Stefánsdóttir,2019/20,9,0.1,16.7,0,0,0.2,0.2,0,0.1,0,0.2,0.2,0.7,0,0.2,0
Valur,Ída Margrét Stefánsdóttir,2018/19,7,0.1,25,0,0,0.3,0.3,0,0.1,0,0,0,0.4,0,0.1,0
Fram,Íris Anna Gísladóttir,2023/24,3,0,0,0,0,0,0,0,0,0,0,0,0,0,0,0
Valur,Íris Ásta Pétursdóttir,2021/22,9,1.1,62.5,0,0,0.3,0.3,0,0.6,0.3,0,0,0.9,0,0,0
Valur,Íris Ásta Pétursdóttir,2020/21,1,0,0,0,0,0,0,0,0,0,0,0,0,0,0,0
Valur,Íris Ásta Pétursdóttir,2019/20,7,2,70,0,0,0,0,0.3,0.4,0.3,0.3,0,0.3,0,0.1,0
Valur,Íris Ásta Pétursdóttir,2018/19,27,3,66.1,0,0,0.1,0.1,0.3,0.8,0.3,0.1,0,0.7,0,0.1,0
Afturelding,Íris Kristín Smith,2019/20,9,0,0,0,0,0,0,0.1,0.1,0.3,0.1,0,0.2,0,0,0
HK,Jóhanna Lind Jónasdóttir,2022/23,20,0.9,51.4,0,0,0,0,0.1,0.3,0,0.2,0,0.4,0,0.1,0
HK,Jóhanna Lind Jónasdóttir,2021/22,5,1.2,54.5,0,0,0,0,0,0.4,0.2,0,0,0.2,0.2,0,0
HK,Jóhanna Margrét Sigurðardóttir,2021/22,21,6,52.5,2.6,76.4,2.9,4.1,1.2,4,0.4,0.9,0.3,3.6,0,0.1,0
HK,Jóhanna Margrét Sigurðardóttir,2020/21,9,3.8,72.3,2.7,82.8,0.4,0.5,0.4,0.8,0,0.2,0,0.9,0,0.2,0
HK,Jóhanna Margrét Sigurðardóttir,2019/20,14,5.5,64.7,1.6,78.6,1.9,2.5,0.8,2.3,0.1,0.8,0.4,2.5,0,0,0
Fram,Jónína Hlín Hansdóttir,2021/22,28,0.9,80,0,0,0.1,0.2,0.4,0.5,0.2,0.1,0.4,1.8,0,0.2,0
Fram,Jónína Hlín Hansdóttir,2020/21,15,0.7,83.3,0,0,0.1,0.1,0.5,0.3,0.4,0.3,1.4,1.7,0.1,0.3,0.1
Fram,Jónína Hlín Hansdóttir,2019/20,2,0,0,0,0,0,0,0,0,0,0,0,0,0,0,0
Fram,Jónína Hlín Hansdóttir,2018/19,5,0.2,100,0,0,0,0,0,0,0,0,0,0.2,0,0,0
KA/Thor,Júlía  Björnsdóttir,2022/23,23,2,63.4,0,0,0.3,0.4,1.2,0.8,0.3,0.4,0.2,1.7,0.2,0.2,0
KA/Thor,Júlía  Björnsdóttir,2021/22,16,0.1,66.7,0,0,0,0.1,0.1,0,0,0,0,0.2,0,0,0
KA/Thor,Júlía  Björnsdóttir,2020/21,13,0,0,0,0,0,0,0,0,0,0.1,0,0.1,0,0,0
Fram,Karen Knútsdóttir,2021/22,27,5.4,62.6,1.9,86.7,4.4,6.4,1.1,2.5,0.6,1.1,0.1,0.6,0,0,0
HK,Karen Kristinsdóttir,2021/22,10,0.9,60,0,0,0,0,0,0.2,0,0.3,0,0.2,0,0.1,0
HK,Karen Kristinsdóttir,2020/21,14,0.1,33.3,0,0,0,0,0,0.1,0.1,0,0,0.3,0,0,0
Fram,Karen Knútsdóttir,2020/21,13,2.5,59.3,0.2,75,3.1,4.3,0.7,2.4,0.2,0.2,0.2,0.3,0,0.2,0
HK,Karen Kristinsdóttir,2019/20,6,0.2,50,0,0,0,0,0,0,0,0,0,0,0,0,0
Fram,Karen Knútsdóttir,2019/20,17,4.3,61.3,1.2,87.5,3.5,5.4,0.8,2,0.4,0.6,0,1.2,0,0.1,0
Fram,Karen Knútsdóttir,2018/19,23,4,64.1,0.2,71.4,2.9,4.2,1,1.9,0.3,1.3,0,1.3,0,0.1,0
HK,Karen Kristinsdóttir,2018/19,11,0.3,75,0,0,0,0,0,0,0,0,0,0.1,0,0.1,0
Selfoss,Karen Helga Díönudóttir,2022/23,2,3,75,0,0,3.5,4,0,2.5,0.5,0,0,0.5,0,0.5,0
Haukar,Karen Helga Díönudóttir,2021/22,20,1.1,52.4,0,0,2.2,3.1,0.3,1.5,0.4,0.6,0.1,3.3,0.1,0.2,0
Haukar,Karen Helga Díönudóttir,2020/21,16,3.4,44.7,0.1,25,3.4,5.5,0.6,2.7,0.4,0.4,0.4,2.6,0.1,0.1,0
Haukar,Karen Helga Díönudóttir,2019/20,12,3,45.6,0.1,50,1.1,2,1.3,2.3,0.4,0.3,0,1.8,0,0.1,0
Haukar,Karen Helga Díönudóttir,2018/19,24,2.9,57.4,0.2,100,1.3,1.8,0.5,1.4,0.4,0.4,0,1.8,0,0.2,0
IR,Karen Tinna Demian,2023/24,5,6,55.6,2.8,87.5,3.2,5.2,0.6,2.6,0.6,1.4,0.2,1,0,0,0
Stjarnan,Karen Tinna Demian,2021/22,3,0,0,0,0,0.3,1.3,0,0.3,0,0,0,0,0,0.3,0
Stjarnan,Karen Tinna Demian,2020/21,12,0.7,42.1,0,0,0.5,1.1,0.3,0.7,0.1,0.1,0,0.4,0,0,0
Stjarnan,Karen Tinna Demian,2019/20,18,3.1,48.3,0,0,1.8,3.2,0.6,1.8,0.1,0.6,0,0.7,0,0.1,0
Valur,Karlotta Óskarsdóttir,2022/23,28,0.9,55.8,0,0,0,0,0,0.1,0.1,0.1,0,0.1,0,0.1,0
Valur,Karlotta Óskarsdóttir,2020/21,12,0.3,75,0,0,0,0,0,0,0,0,0,0.2,0,0,0
IBV,Karolina Olszowa,2023/24,5,2.6,52,0,0,1.2,2,0.2,2.2,0.6,0.2,0.2,2,0.2,0.2,0
IBV,Karolina Olszowa,2022/23,27,0.7,51.4,0,0,0.7,1.1,0.2,0.6,0.1,0.5,0.2,1.6,0,0.3,0
IBV,Karolina Olszowa,2021/22,26,2.2,43.8,0,0,3.1,4.2,0.4,1.8,0.5,0.7,0.2,2.9,0.1,0.3,0
IBV,Karolina Olszowa,2020/21,19,1.4,41.5,0,0,0.6,1.3,0.2,2.1,0.4,0.4,0.9,2.6,0.2,0.4,0
IBV,Karolina Olszowa,2019/20,18,1.4,50,0,0,0.6,1,0.4,1.8,0.3,0.6,0.2,2.6,0.2,0.4,0
Fram,Karólína Bæhrenz,2020/21,12,4.4,72.6,0,0,0.2,0.3,0.4,0.3,0.7,0.5,0,0.3,0,0.1,0
IBV,Karólína Bæhrenz,2018/19,24,2.4,64.4,0,0,0.4,0.5,0.3,0.7,0.4,0.8,0,0.9,0.1,0.1,0
Stjarnan,Karólína Ósk Sigurlaugardótti,2023/24,5,0,0,0,0,0,0,0.2,0,0,0,0,0,0,0,0
IBV,Katla Arnarsdóttir,2021/22,1,0,0,0,0,0,0,0,0,0,0,0,0,0,0,0
Selfoss,Katla Björg Ómarsdóttir,2022/23,21,0.5,45.8,0,0,0.2,0.2,0.2,0.2,0.4,0.2,0,0.4,0,0,0
Selfoss,Katla Björg Ómarsdóttir,2018/19,20,0.2,100,0,0,0,0,0,0,0.1,0,0,0.1,0,0,0
Selfoss,Katla María Magnúsdóttir,2022/23,21,7.6,54.8,2.2,79.7,3.5,5.4,1,2.9,0.2,1.2,0.9,2,0.1,0.4,0
Stjarnan,Katla María Magnúsdóttir,2021/22,20,1.2,38.3,0,0,0.4,0.6,0.2,1.1,0,0.6,0.4,1.8,0.1,0.2,0
Stjarnan,Katla María Magnúsdóttir,2020/21,16,1.2,37.3,0,0,0.8,1.2,0.4,0.9,0.1,0.4,0.1,2.1,0.1,0.1,0
Selfoss,Katla María Magnúsdóttir,2018/19,18,0.9,50,0,0,0.6,1,0.1,1.1,0,0.1,0,0.8,0,0.2,0
KA/Thor,Katrín Vilhjálmsdóttir,2022/23,2,0.5,100,0,0,0.5,0.5,0,0,0.5,0.5,0,1.5,0,1,0
KA/Thor,Katrín Vilhjálmsdóttir,2021/22,11,0,0,0,0,0.1,0.1,0,0.1,0.1,0.1,0,1.5,0,0.4,0
Afturelding,Katrín Hallgrímsdóttir,2021/22,12,0.5,30,0,0,0.1,0.1,0,0.2,0.4,0.1,0,0.7,0,0.1,0
KA/Thor,Katrín Vilhjálmsdóttir,2020/21,5,1,38.5,0,0,0.8,1,0,0,0.8,0.8,0,2.4,0,0.2,0
KA/Thor,Katrín Vilhjálmsdóttir,2019/20,18,2.4,53.8,0,0,0.2,0.4,0.1,0.8,0.6,0.3,0.1,4.8,0.2,0.4,0
KA/Thor,Katrín Vilhjálmsdóttir,2018/19,21,3,54.3,0,0,0.2,0.2,0.2,0.6,0.3,0.7,0.2,2,0.1,0.4,0
Afturelding,Katrín Erla Kjartansdóttir,2023/24,4,0.5,28.6,0,0,0.5,0.5,0,0.8,0,0.3,0,0.5,0,0,0
HK,Katrín Hekla Magnúsdóttir,2022/23,21,0.5,37.9,0,0,0,0,0,0.2,0.1,0.1,0,0.3,0,0,0
HK,Katrín Hekla Magnúsdóttir,2021/22,3,0,0,0,0,0,0,0,0,0,0,0,0,0,0,0
Afturelding,Katrín Helga Davíðsdóttir,2023/24,4,0.8,18.8,0.3,50,2,3,0.5,2,0.3,0.5,0,3,0,0,0
Afturelding,Katrín Helga Davíðsdóttir,2021/22,21,4.7,42.5,1.4,67.4,1.6,2.9,0.3,2.4,0.3,0.9,0,1.8,0,0.2,0
Afturelding,Katrín Helga Davíðsdóttir,2019/20,16,1.2,36.5,0.1,33.3,0.3,0.3,0.3,1.1,0.3,0.2,0,0.2,0,0.1,0
Stjarnan,Katrín Tinna Jensdóttir,2020/21,11,0.9,71.4,0,0,0,0,0.1,0.5,0.2,0.3,0.4,3.5,0,0.3,0
Stjarnan,Katrín Tinna Jensdóttir,2019/20,16,0.1,50,0,0,0,0,0.1,0,0.1,0.2,0.2,2.6,0,0.3,0
HK,Kolbrún Arna Garðarsdóttir,2018/19,6,0,0,0,0,0,0,0,0.3,0,0,0,0,0,0,0
KA/Thor,Kolbrún Gígja Einarsdóttir,2019/20,12,0.3,20,0,0,0.2,0.5,0,0.4,0,0,0,0.4,0,0,0
Valur,Kristbjörg Erlingsdóttir,2023/24,2,0.5,100,0,0,0.5,0.5,0,0,0,0.5,0,0,0,0,0
Valur,Kristbjörg Erlingsdóttir,2022/23,3,0,0,0,0,0,0,0,0.3,0,0,0,0,0,0,0
Stjarnan,Kristín Guðmundsdóttir,2023/24,2,1,40,0,0,0,0,0,0,0,0,0,4,0.5,0,0
HK,Kristín Guðmundsdóttir,2022/23,9,1,47.4,0.6,71.4,0.1,0.5,0,0.8,0,0,0,0.3,0,0.2,0
HK,Kristín Guðmundsdóttir,2020/21,14,3.4,39.2,0,0,3.2,3.8,0.2,2.6,0,0.3,0.1,4.1,0.1,0.4,0
IBV,Kristín Einarsdóttir,2019/20,2,0,0,0,0,0,0,0,0,0,0,0,0,0,0.5,0
HK,Kristín Guðmundsdóttir,2019/20,18,2.2,43,0,0,1.8,2.6,0.2,2.3,0.1,0.4,0.3,2.9,0.1,0.4,0
Stjarnan,Kristín Guðmundsdóttir,2018/19,19,2.5,45.3,0,0,1.8,2.9,0.1,1.7,0.1,0.3,0.1,2.2,0.1,0.5,0
KA/Thor,Kristín A. Jóhannsdóttir,2023/24,5,2.2,57.9,0,0,0.6,0.6,0.2,0.2,0.2,0.4,0,2.8,0.2,0.6,0
KA/Thor,Kristín A. Jóhannsdóttir,2022/23,20,1.9,66.7,0.1,100,0.1,0.3,0.4,0.6,0.2,0.3,0.1,1.9,0.1,0.3,0
KA/Thor,Kristín A. Jóhannsdóttir,2021/22,20,0.3,35.7,0,0,0,0,0.2,0.1,0.1,0.1,0,0.1,0,0,0
KA/Thor,Kristín A. Jóhannsdóttir,2020/21,19,0.9,43.6,0,0,0.1,0.1,0.4,0.4,0.1,0.2,0,0.4,0.1,0.1,0
KA/Thor,Kristín A. Jóhannsdóttir,2019/20,3,0,0,0,0,0,0,0,0,0,0,0,0,0,0,0
KA/Thor,Kristín A. Jóhannsdóttir,2018/19,7,0,0,0,0,0,0,0,0,0,0,0,0.1,0,0,0
Afturelding,Kristín Arndís Ólafsdóttir,2021/22,3,0.3,33.3,0,0,0.3,0.6,0.3,0.7,0,0,0,0.3,0,0,0
Afturelding,Kristín Arndís Ólafsdóttir,2019/20,19,2.9,49.1,1.3,80,1.2,2,0.5,3.3,0,0.4,0.1,1.4,0.1,0.1,0
KA/Thor,Kristín B. Gunnarsdóttir,2023/24,5,0.2,100,0,0,0,0,0,0,0.2,0,0,0.2,0,0,0
Stjarnan,Kristín Lísa Friðriksdóttir,2018/19,4,0,0,0,0,0,0,0,0,0,0,0,0,0,0,0
Selfoss,Kristín Una Hólmarsdóttir,2022/23,21,0.3,60,0,0,0,0,0,0.1,0.2,0.1,0,0.1,0,0,0
Fram,Kristrún Steinþórsdóttir,2023/24,4,0.8,23.1,0,0,2.3,2.6,0,2.5,0.3,0.5,2,3.8,0.5,0.5,0
Fram,Kristrún Steinþórsdóttir,2022/23,23,2.8,35.8,0,0,3.6,5.5,0.5,3.1,0.5,0.5,0.9,4.5,0.2,0.1,0
Fram,Kristrún Steinþórsdóttir,2021/22,28,1.7,46.5,0,0,2.1,2.6,0.3,1.4,0.4,0.4,0.4,2.4,0.1,0,0
Fram,Kristrún Steinþórsdóttir,2020/21,15,1.3,47.5,0,0,1.3,1.7,0.4,1.4,0.1,0.2,1.7,2.5,0.1,0.3,0
Fram,Kristrún Steinþórsdóttir,2019/20,18,2.1,62.7,0,0,1.3,1.6,0.2,1,0.2,0.2,1.9,2.7,0.1,0.3,0
Selfoss,Kristrún Steinþórsdóttir,2018/19,21,2,42.9,0,0,1.6,2,0.5,2,0.1,0.4,0.4,2.1,0.1,0.1,0
IBV,Kristrún Ósk Hlynsdóttir,2020/21,18,0.4,61.5,0,0,0,0,0.1,0.2,0.2,0.2,0,0.5,0,0.2,0
IBV,Kristrún Ósk Hlynsdóttir,2019/20,18,2.1,63.3,0,0,0.3,0.3,0.2,0.6,0.6,0.4,0.1,1.3,0.2,0.3,0
IBV,Kristrún Ósk Hlynsdóttir,2018/19,24,2,65.8,0,0,0.6,0.7,0.3,0.6,0.3,0.7,0,0.8,0,0.3,0
IBV,Ksenija Dzaferovic,2019/20,18,1.7,37.5,0,0,0.3,0.5,0.3,1.5,0.1,0.1,0.1,1.6,0,0.2,0
Haukar,Lara Zidek,2022/23,5,2,71.4,0.4,100,0.8,1.6,0.4,1.8,0,0,0,0.2,0,0.2,0
HK,Leandra Náttsól Salvamoser,2022/23,20,2.1,55.4,0,0,0,0,0.2,0.4,0.3,0.2,0,0.7,0.1,0.6,0.1
HK,Leandra Náttsól Salvamoser,2021/22,7,1.4,55.6,0,0,0,0.1,0.1,0.6,0.6,0.3,0,0,0,0.1,0
Fram,Lena Margrét Valdimarsdóttir,2023/24,4,8.3,68.8,2,72.7,3.8,7.1,0.5,1.3,1,1.8,0,1,0,0,0
Stjarnan,Lena Margrét Valdimarsdóttir,2022/23,28,5.3,61.4,0.7,87,3.4,4.6,0.5,2.2,0.5,0.9,0,2.2,0,0.2,0
Stjarnan,Lena Margrét Valdimarsdóttir,2021/22,23,3.5,47.6,0.3,57.1,4,6.1,0.4,2.4,0.3,0.7,0,2,0,0.2,0
Fram,Lena Margrét Valdimarsdóttir,2020/21,16,3.8,62.2,0.6,75,1.5,2.2,0.2,0.9,0.1,0.2,0,1.4,0.1,0,0
Fram,Lena Margrét Valdimarsdóttir,2019/20,18,1.5,57.4,0.1,100,1,1.7,0.1,0.4,0.1,0.2,0.1,0.8,0,0.1,0
Fram,Lena Margrét Valdimarsdóttir,2018/19,25,1.3,60.4,0.4,75,0.3,0.7,0,0.5,0,0,0,0.2,0,0,0
Valur,Lilja Ágústsdóttir,2023/24,5,3.6,64.3,1.2,100,1,1,0.2,0.4,0.6,1,0,0.8,0,0,0
Valur,Lilja Ágústsdóttir,2022/23,28,2.4,60.6,0.3,70,0.3,0.3,0.1,0.3,0.3,0.5,0,0.4,0,0,0
Valur,Lilja Ágústsdóttir,2021/22,11,2.4,60.5,0.5,45.5,0.5,0.5,0.1,0.5,0.5,0.5,0,0.3,0,0,0
Valur,Lilja Ágústsdóttir,2020/21,19,2.3,67.2,0.8,88.9,0.2,0.3,0.2,0.5,0.4,0.3,0,0.3,0,0,0
Valur,Lilja Ágústsdóttir,2019/20,18,0.8,73.7,0.1,66.7,0.1,0.1,0,0.1,0.1,0.1,0,0.3,0,0,0
IBV,Lina Cardell,2021/22,27,2.6,56.8,0,0,0.3,0.4,0.1,0.7,0.8,0.5,0,0.3,0.1,0.1,0
IBV,Lina Cardell,2020/21,16,2.1,47.8,0,0,0.1,0.1,0.1,0.5,0.9,0.4,0,0.9,0,0.2,0.1
IBV,Linda Björk Brynjarsdóttir,2019/20,7,0.4,33.3,0,0,0,0,0,0.9,0.1,0.1,0,0.7,0,0,0
IBV,Linda Björk Brynjarsdóttir,2018/19,5,0.2,50,0,0,0,0,0,0.4,0,0,0,0.2,0,0,0
Valur,Lovísa Thompson,2021/22,21,5.9,54.2,1,75.9,3.2,5.2,1.1,2.8,0.2,0.9,0.5,5.6,0.1,0.4,0
Valur,Lovísa Thompson,2020/21,20,6.6,55.9,0.6,66.7,2,3.2,0.8,2.7,0.3,1,0.5,4.9,0.1,0.4,0
Valur,Lovísa Thompson,2019/20,18,6.3,58.8,0.6,100,4,5.4,0.2,1.9,0.3,0.8,0.6,5.1,0.2,0.2,0
Valur,Lovísa Thompson,2018/19,27,5.2,51.5,0.1,100,2.9,3.8,0.6,2.3,0.6,0.6,0.3,4.3,0.2,0.3,0
Afturelding,Lovísa Líf Helenudóttir,2023/24,4,1.3,50,0,0,0.3,0.3,0,1,0.3,1.3,0,0.8,0,0,0
Afturelding,Lovísa Líf Helenudóttir,2021/22,21,1.5,50,0,0,0.2,0.2,0,0.3,0.1,0.4,0,0.5,0,0,0
HK,Lovísa Líf Helenudóttir,2020/21,2,0,0,0,0,0,0,0,0,0,0,0,0,0,0,0
HK,Lovísa Líf Helenudóttir,2019/20,13,0.1,100,0,0,0,0,0,0.2,0,0,0,0,0,0,0
KA/Thor,Lydía Gunnþórsdóttir,2023/24,5,3.8,44.2,2,76.9,1.4,2.2,0.2,3,0,0.6,0,0,0,0,0
KA/Thor,Lydía Gunnþórsdóttir,2022/23,24,3.1,65.2,1.8,79.2,1.2,1.8,0.1,1.8,0.1,0.1,0,0.2,0,0,0
KA/Thor,Lydía Gunnþórsdóttir,2021/22,2,0.5,50,0.5,100,0.5,1,0,0.5,0,0,0,0,0,0,0
Fram,Madeleine Lindholm,2022/23,15,3,45.5,0.1,100,1.4,1.8,0,1.1,0.1,0.3,0.3,2.9,0.1,0.2,0
HK,Margrét Guðmundsdóttir,2022/23,10,0.6,42.9,0,0,0,0,0,0,0,0,0,0.3,0,0,0
HK,Margrét Guðmundsdóttir,2021/22,8,1.5,63.2,0,0,0,0,0.1,0.3,0.1,0.3,0,0.6,0,0,0
IBV,Margrét Björg Castillo,2023/24,5,0.4,50,0,0,0.4,0.6,0,1,0.2,0,0,1,0,1,0
Fram,Margrét Björg Castillo,2021/22,8,0.9,38.9,0,0,1.5,2.3,0,0.6,0,0.1,0,0,0,0.3,0
Fram,Margrét Björg Castillo,2020/21,2,0,0,0,0,0,0,0,0,0,0,0,0,0,0,0
Haukar,Margrét Björg Castillo,2019/20,5,0,0,0,0,0,0,0,0,0,0,0,0,0,0,0
Haukar,Margrét Björg Castillo,2018/19,4,0.3,100,0.3,100,0,0,0,0,0,0,0,0,0,0,0
IR,Maria Leifsdóttir,2023/24,5,0,0,0,0,0,0,0,0,0,0,0,0,0,0,0
Valur,Mariam Eradze,2022/23,28,4.4,46.9,0,0,2.9,4.2,0.3,2.3,0.4,1,2,4.4,0.2,0.8,0.1
Valur,Mariam Eradze,2021/22,29,3.5,50,0.2,77.8,1.5,2.2,0.4,1.5,0.3,0.5,0.9,2.4,0.1,0.3,0
Valur,Mariam Eradze,2020/21,20,1.8,40.7,0,0,0.7,1,0,0.9,0.1,0.5,1.7,2.6,0.3,0.4,0
IBV,Marija Jovanovic,2022/23,9,1.8,66.7,0,0,0.8,1.4,0.3,1.7,0.2,0.9,0.8,1.9,0.2,0.8,0.1
IBV,Marija Jovanovic,2021/22,26,3.6,52.2,1.9,74.6,2.3,3.7,0.3,2.2,0.5,0.7,1.7,1.7,0.2,1.2,0.1
Stjarnan,Marinela Ana Gherman,2023/24,1,0,0,0,0,1,1,0,0,0,1,0,1,0,0,0
KA/Thor,Martha Hermannsdóttir,2021/22,26,4.4,67.9,3.1,82.7,2.3,3.7,0.3,1.5,0.4,0.5,0.3,4.2,0.2,0.7,0
KA/Thor,Martha Hermannsdóttir,2020/21,11,1.8,52.6,1.1,70.6,0.7,1.5,0.5,1.2,0.2,0.6,0.5,2.5,0,1.1,0.2
KA/Thor,Martha Hermannsdóttir,2019/20,18,5.3,49.7,2.6,79.7,3.1,4.4,0.4,2.8,0.4,0.6,0.7,6.3,0.1,1,0
KA/Thor,Martha Hermannsdóttir,2018/19,21,6.6,57.7,3,84,2.9,3.9,0.8,2.5,0.2,0.7,0.2,5.4,0.1,0.8,0
KA/Thor,Martina Corkovic,2019/20,12,3.3,45.9,0.8,75,1.2,2.2,0.3,1.4,0.2,0.7,0.3,2.5,0.3,0.3,0
IR,Matthildur Lilja Jónsdóttir,2023/24,5,2.4,48,0,0,0.2,1.8,0.4,1.4,0.6,0.2,0.2,5.4,0,0.2,0
HK,Mattý Rós Birgisdóttir,2022/23,5,0,0,0,0,0,0,0,0.2,0,0,0,0.2,0,0,0
Valur,Morgan Marie Þorkelsdóttir,2023/24,2,0.5,33.3,0,0,0.5,0.5,0,0.5,0,0.5,0,1,0,0,0
Valur,Morgan Marie Þorkelsdóttir,2022/23,14,0.9,46.2,0,0,0.4,0.8,0.1,0.5,0.2,0,0,1.1,0,0,0
Valur,Morgan Marie Þorkelsdóttir,2021/22,23,2.3,53.5,0,0,1.1,1.5,0.5,1,0.3,0.2,0,1.3,0,0.2,0
Valur,Morgan Marie Þorkelsdóttir,2018/19,27,1.8,36.6,0,0,0.9,1.2,0.3,1.4,0.2,0.1,0.3,0.9,0,0.1,0
Haukar,Natasja Hammer,2022/23,28,3.2,42.9,0,0,2.5,4.4,0.9,2.9,0.4,1,0.2,3.3,0.1,0.3,0
KA/Thor,Nathalia Soares Baliana,2023/24,5,5.4,42.9,0,0,2,3,0.4,3,0.4,0.2,0.6,1.8,0.4,0.4,0
KA/Thor,Nathalia Soares Baliana,2022/23,22,4.8,39.8,0,50,1.4,2,0.2,2.6,0.2,0.7,0.7,2.7,0.3,0.5,0
HK,Ólöf Ásta Arnþórsdóttir,2020/21,9,0,0,0,0,0,0.1,0,0,0,0,0,0,0,0,0
Stjarnan,Ólöf Ásta Arnþórsdóttir,2019/20,10,0.3,37.5,0,0,0.2,0.2,0.2,0.2,0,0.1,0,0.2,0,0,0
IBV,Ólöf María Stefánsdóttir,2022/23,28,0.3,75,0,0,0,0,0.1,0.2,0.1,0,0,0.5,0,0.1,0
IBV,Ólöf María Stefánsdóttir,2021/22,27,0.1,30,0,0,0,0.1,0.1,0.1,0.1,0,0,1.1,0,0,0
IBV,Ólöf María Stefánsdóttir,2020/21,15,0.1,66.7,0.1,100,0,0,0.1,0,0,0,0,0.1,0,0,0
Valur,Ólöf María Stefánsdóttir,2019/20,3,0,0,0,0,0,0.3,0.3,0,0,0,0,0.7,0,0,0
Afturelding,Ólöf Marín Hlynsdóttir,2021/22,16,2.4,38.6,0,0,0.8,1.4,0.4,2.4,0.4,0.6,0,2.1,0.1,0.1,0
KA/Thor,Ólöf Marín Hlynsdóttir,2018/19,15,0.9,37.1,0,0,0.3,0.4,0.3,0.5,0.3,0.1,0,2.5,0.1,0.2,0
Afturelding,Ósk Hauksdóttir,2019/20,10,0,0,0,0,0,0,0,0.1,0,0,0,0,0,0.1,0
Fram,Perla Ruth Albertsdóttir,2022/23,23,5.1,71.3,1,88.9,0.4,0.5,0.4,0.5,0.6,0.6,0.3,5,0,0.3,0
Fram,Perla Ruth Albertsdóttir,2021/22,25,2.4,72.8,0,0,0.2,0.2,0.3,0.5,0.4,0.3,0,0.6,0,0.1,0
Fram,Perla Ruth Albertsdóttir,2020/21,3,2,60,0,0,0,0,0.3,0.3,1,0.3,0,0.3,0,0,0
Fram,Perla Ruth Albertsdóttir,2019/20,18,3.1,75.3,0,0,0.3,0.3,0.6,0.7,0.1,0.4,0.2,3.1,0.1,0.3,0
Selfoss,Perla Ruth Albertsdóttir,2018/19,21,5.1,78.3,0,100,0.5,0.6,1,1,0.7,0.7,0.4,3.2,0,0.1,0
KA/Thor,Rafaele Nascimento Fraga,2023/24,1,1,33.3,0,0,1,1,0,4,0,1,0,1,0,1,0
Afturelding,Ragna Sif Úlfarsdóttir,2021/22,13,0.2,50,0,0,0.2,0.2,0.1,0.2,0,0,0.1,0.2,0,0,0
Haukar,Ragnheiður Ragnarsdóttir,2023/24,5,1.6,53.3,0,0,0.2,0.2,0,0.4,0,0,0,0.4,0,0.2,0
Haukar,Ragnheiður Sveinsdóttir,2023/24,5,1.4,63.6,0,0,0.4,0.4,0.2,0.2,0.6,0.4,0.8,3.2,0,1,0.2
Haukar,Ragnheiður Ragnarsdóttir,2022/23,28,2.9,66.7,0,0,0.4,0.6,0.3,0.5,0.3,1.1,0,0.6,0,0.2,0
Haukar,Ragnheiður Sveinsdóttir,2022/23,28,1.5,63.6,0,0,0.2,0.3,0.6,0.5,0.5,0.5,0.8,4.7,0.3,0.8,0
Fram,Ragnheiður Júlíusdóttir,2022/23,1,0,0,0,0,0,0,0,0,0,0,0,0,0,0,0
Haukar,Ragnheiður Ragnarsdóttir,2021/22,22,2,51.8,0,0,0.3,0.4,0,0.4,0.3,0.7,0,0.5,0,0.1,0
Valur,Ragnheiður Sveinsdóttir,2021/22,25,0,100,0,0,0,0,0,0,0,0,0.1,0.1,0,0,0
Fram,Ragnheiður Júlíusdóttir,2021/22,13,6.2,46.8,1.9,89.3,2,3.9,0.1,3,0.3,1,0.3,1.2,0,0.1,0
Valur,Ragnheiður Sveinsdóttir,2020/21,1,0,0,0,0,0,0,0,0,0,0,0,0,0,0,0
Fram,Ragnheiður Júlíusdóttir,2020/21,16,8.1,50.8,2.4,78,2.6,3.7,0.1,3.1,0.4,0.9,0.6,1.9,0.1,0.5,0.1
FH,Ragnheiður Tómasdóttir,2020/21,11,2.5,63.6,0,0,0.1,0.1,0.2,0.6,0.9,0.7,0,1.8,0,0.1,0
Haukar,Ragnheiður Ragnarsdóttir,2020/21,16,1.9,57.7,0,0,0.2,0.2,0.3,0.4,0.6,1,0,0.5,0,0.3,0
Haukar,Ragnheiður Ragnarsdóttir,2019/20,18,1.8,62.3,0,0,0.2,0.2,0.2,0.6,0.2,0.6,0,1.4,0.1,0.1,0
Haukar,Ragnheiður Sveinsdóttir,2019/20,8,1.1,47.4,0,0,0.1,0.4,0.3,0.3,0.5,0.6,0.1,2.4,0,0.4,0
Fram,Ragnheiður Júlíusdóttir,2019/20,18,6.3,54.9,1.8,78,2.2,3.3,0.1,1.6,0.2,0.7,0.6,1.8,0.1,0.1,0
Haukar,Ragnheiður Ragnarsdóttir,2018/19,13,1.5,71.4,0,0,0,0,0,0.2,0.2,0.2,0.1,0.2,0,0.3,0
Haukar,Ragnheiður Sveinsdóttir,2018/19,24,1.6,71.7,0,0,0.2,0.2,0.3,0.8,0.3,0.5,0.5,3.3,0.2,0.5,0
Fram,Ragnheiður Júlíusdóttir,2018/19,27,6.7,48.3,1.9,79.4,2.7,3.8,0.1,1.7,0.2,0.9,1,2.3,0.1,0.5,0
Afturelding,Ragnhildur Hjartardóttir,2023/24,4,3,85.7,0,0,0.3,0.3,0.3,0,1.3,0.5,0,0.8,0,0,0
Afturelding,Ragnhildur Hjartardóttir,2021/22,9,0.6,38.5,0,0,0.2,0.2,0.1,0.4,0.3,0.4,0,0.6,0,0,0
Afturelding,Ragnhildur Hjartardóttir,2019/20,19,1.9,66.1,0,0,0.1,0.1,0.1,0.2,0.2,0.2,0.1,0.7,0,0.1,0
Valur,Ragnhildur Edda Þórðardóttir,2021/22,9,0.2,33.3,0,0,0,0,0,0,0,0,0,0.7,0,0,0
Valur,Ragnhildur Edda Þórðardóttir,2020/21,17,1.2,50,0,0,0,0,0.2,0.2,0.3,0.2,0,0.1,0,0.1,0
Valur,Ragnhildur Edda Þórðardóttir,2019/20,18,1.7,57.4,0,0,0.1,0.1,0.1,0.2,0.1,0.3,0,0.3,0,0,0
Valur,Ragnhildur Edda Þórðardóttir,2018/19,27,2.3,64.2,0,0,0,0,0.1,0.6,0.2,0.8,0,0.4,0,0,0
Selfoss,Rakel Guðjónsdóttir,2022/23,21,2.9,55.6,0,0,0.1,0.1,0.1,0.6,0.5,0.3,0,0.4,0,0.1,0
Haukar,Rakel Sigurðardóttir,2021/22,17,1.5,73.5,0,0,0.2,0.3,0.6,0.2,0.5,0.6,0.7,2.9,0.2,0.8,0
Haukar,Rakel Sigurðardóttir,2020/21,16,1.6,70.3,0,0,0.1,0.1,0.3,0.5,0.3,0.3,0.6,3.3,0.3,0.6,0
Haukar,Rakel Sigurðardóttir,2019/20,17,0.7,75,0,0,0.1,0.1,0.1,0.3,0.4,0.2,0.4,2.3,0.1,0.6,0.1
Haukar,Rakel Sigurðardóttir,2018/19,19,0.5,69.2,0.1,100,0.1,0.1,0.2,0.3,0.1,0.1,0.3,1.7,0.2,0.2,0
Selfoss,Rakel Guðjónsdóttir,2018/19,20,0.7,44.8,0,0,0.1,0.1,0.1,0.2,0.1,0,0.1,0.3,0,0.1,0
Stjarnan,Rakel Dórothea Ágústsdóttir,2023/24,5,0.4,22.2,0,0,0,0,0,0.2,0.2,0.2,0,0,0,0,0
HK,Rakel Dórothea Ágústsdóttir,2022/23,4,0.3,33.3,0,0,0,0,0,0,0,0,0,0,0,0,0
Stjarnan,Rakel Dögg Bragadóttir,2019/20,10,3,46.2,0,0,2.6,4,0.1,1.2,0.1,1.1,0.8,2.3,0.1,0.4,0
Stjarnan,Rakel Dögg Bragadóttir,2018/19,11,2.4,37.1,0,0,3.1,3.9,0.1,1.6,0.2,0.5,0.3,3.5,0,0.5,0
Haukar,Rakel Oddný Guðmundsdóttir,2023/24,5,1,45.5,0,0,0,0,0,1,0.6,0,0,0.2,0,0,0
Haukar,Rakel Oddný Guðmundsdóttir,2022/23,28,1.8,53.1,0,0,0.1,0.2,0.1,0.3,0.3,0.3,0,0.4,0,0.1,0
Haukar,Rakel Oddný Guðmundsdóttir,2021/22,22,0.9,55.9,0,100,0,0.1,0,0.1,0.1,0.1,0,0.2,0,0,0
Haukar,Rakel Oddný Guðmundsdóttir,2020/21,16,0.7,40.7,0,0,0.3,0.4,0,0.5,0,0.1,0.1,0.3,0,0.1,0
Haukar,Rakel Oddný Guðmundsdóttir,2019/20,1,0,0,0,0,0,0,0,1,0,0,0,0,0,0,0
KA/Thor,Rakel Sara Elvarsdóttir,2023/24,4,3.8,62.5,0,0,0.3,0.3,0.3,0.8,0.5,0.5,0,0.5,0,0.3,0
KA/Thor,Rakel Sara Elvarsdóttir,2021/22,27,4.4,63.8,0,0,0.2,0.3,0.2,0.6,0.6,0.7,0,0.7,0.1,0.3,0
KA/Thor,Rakel Sara Elvarsdóttir,2020/21,19,3.9,70.1,0,0,0.1,0.1,0.4,0.3,0.7,0.8,0,0.8,0.1,0.4,0
KA/Thor,Rakel Sara Elvarsdóttir,2019/20,18,2.7,51.1,0,0,0.1,0.2,0.4,0.6,0.2,0.3,0,1,0,0.3,0
KA/Thor,Rakel Sara Elvarsdóttir,2018/19,20,1.3,52,0,0,0,0,0.2,0.6,0.2,0.3,0,0.5,0,0.1,0
Selfoss,Roberta Stropé,2022/23,13,6.8,55.3,0,0,1.5,2.7,0.6,3.4,0.2,0.9,1.2,3.4,0.5,1.3,0.3
Afturelding,Roberta Ivanauskaite,2019/20,14,4.6,50.4,0,0,0.6,1,1.3,1.6,0.6,0.3,1.2,4,0.4,1.1,0.2
Haukar,Rósa Kristín Kemp,2023/24,4,0,0,0,0,0,0,0,0,0,0,0,0,0,0,0
Haukar,Rósa Kristín Kemp,2022/23,28,0.1,40,0,0,0.1,0.1,0,0,0,0,0,0,0,0,0
Haukar,Rósa Kristín Kemp,2021/22,15,0.1,100,0,0,0.1,0.1,0,0,0,0,0,0.1,0,0.1,0
Haukar,Rósa Kristín Kemp,2020/21,7,0.1,100,0.1,100,0,0,0,0.1,0,0,0,0,0,0,0
Haukar,Rósa Kristín Kemp,2019/20,1,0,0,0,0,0,0,0,0,0,0,0,0,0,0,0
KA/Thor,Rut Jónsdóttir,2022/23,15,5.5,66.4,2,78.9,4.3,7.2,0.5,2.4,0.7,1.1,0,1.8,0,0.2,0
KA/Thor,Rut Jónsdóttir,2021/22,24,5.8,67.6,1.3,81.1,3.5,5.4,0.9,2.2,0.4,0.5,0.3,2.5,0,0.2,0
KA/Thor,Rut Jónsdóttir,2020/21,19,5.8,70.5,2.1,78.4,3.7,4.9,0.8,1,0.3,0.7,0.2,2.8,0.1,0.1,0
Valur,Sandra Erlingsdóttir,2019/20,12,4.9,62.8,3.1,74,3,5.3,1.6,3.2,0.4,0.3,0.1,2,0.1,0.2,0
Valur,Sandra Erlingsdóttir,2018/19,26,4,70.9,2.6,83.8,1.9,2.9,0.8,2.2,0.2,0.2,0,0.2,0.1,0.1,0
IBV,Sandra Dís Sigurðardóttir,2020/21,3,0.3,33.3,0,0,0,0,0,0,0,0,0,0,0,0.3,0
IBV,Sandra Dís Sigurðardóttir,2019/20,11,2.8,45.6,0,0,0.4,0.4,0.2,1.1,0.5,0.4,0.3,2.9,0.4,0.3,0
IBV,Sandra Dís Sigurðardóttir,2018/19,23,1.8,40.2,0,0,1,1.6,0.3,1.8,0.3,0.3,0.3,3.4,0,0.3,0
Haukar,Sara Odden,2023/24,5,1.8,33.3,0,0,1.4,3.2,0,2,0,0.2,1.4,3,0.2,0.6,0
Haukar,Sara Odden,2022/23,18,1.8,29.4,0,0,1.7,2.7,0,1.4,0.1,0.3,1.1,2.8,0,0.2,0
Haukar,Sara Odden,2021/22,21,5.7,49.4,0,0,2.5,3.9,0.2,2.5,0.4,0.9,1,3.3,0.1,0.2,0
Stjarnan,Sara Jovisic,2021/22,1,0,0,0,0,0,0,0,0,0,0,0,0,0,0,0
Haukar,Sara Odden,2020/21,16,5.4,45.3,0,0,1.7,2.5,0.3,2.3,0.3,0.8,1.2,2.1,0.1,0.4,0
Afturelding,Sara Kristjánsdóttir,2019/20,5,0.4,25,0,0,0.8,1,0,1.2,0,0,0,0.8,0,0.2,0
Haukar,Sara Odden,2019/20,17,3.7,37.5,0,0,1.4,2.2,0.5,1.2,0.3,0.5,0.7,3.8,0,0.5,0
IBV,Sara Dröfn  Ríkharðsdóttir,2023/24,5,2.2,73.3,0.2,100,0,0,0.2,0,0,0.6,0,0.4,0,0.4,0
IBV,Sara Dröfn  Ríkharðsdóttir,2022/23,29,1.2,59.6,0,0,0.1,0.1,0.2,0.4,0.7,0.5,0,0.3,0,0.3,0
IBV,Sara Dröfn  Ríkharðsdóttir,2021/22,22,0.1,23.1,0,0,0.1,0.1,0,0.2,0.1,0,0,0.1,0,0,0
IR,Sara Dögg Hjaltadóttir,2023/24,5,5.8,56.9,1.4,100,3.8,5.8,0.2,2.4,0.4,0.8,0.2,4.4,0.2,0.2,0
Valur,Sara Dögg Hjaltadóttir,2022/23,27,1.7,55.4,0.2,66.7,1.6,2.5,0.3,0.7,0.1,0.1,0,2.2,0,0.1,0
Haukar,Sara Katrín Gunnarsdóttir,2023/24,5,0.8,28.6,0.2,25,1,1.6,0.6,2,0,0.6,0,0.8,0,0.2,0
HK,Sara Katrín Gunnarsdóttir,2022/23,22,3.4,57.7,0.8,81.8,1.2,1.8,0.5,2.2,0.2,0.5,0,3,0,0.5,0
HK,Sara Katrín Gunnarsdóttir,2021/22,18,2.1,62.7,0.7,86.7,0.4,0.7,0.6,1.2,0.1,0.3,0,1.7,0.1,0.1,0
HK,Sara Katrín Gunnarsdóttir,2020/21,14,0.2,27.3,0,0,0,0,0.2,0.3,0,0.1,0,0.2,0,0.1,0
HK,Sara Katrín Gunnarsdóttir,2019/20,6,0.2,100,0,0,0,0,0,0.2,0,0,0,0.7,0,0,0
Valur,Sara Lind Fróðadóttir,2023/24,1,1,100,0,0,0,0,0,0,0,0,0,0,0,0,0
IBV,Sara Margrét Örlygsdóttir,2022/23,1,0,0,0,0,0,0,0,0,0,0,0,0,0,0,0
Fram,Sara Rún Gísladóttir,2022/23,3,0,0,0,0,0,0,0,0,0,0,0,0,0,0,0
IBV,Sara Sif Jónsdóttir,2021/22,15,0,0,0,0,0.1,0.1,0,0.1,0,0,0,0,0,0,0
IBV,Sara Sif Jónsdóttir,2020/21,6,0,0,0,0,0.2,0.2,0,0,0,0,0,0,0,0,0
IBV,Sara Sif Jónsdóttir,2018/19,16,0.1,20,0,0,0,0.1,0.1,0.1,0,0,0,0,0,0,0
IBV,Selma Rut  Sigurbjörnsdóttir,2021/22,1,0,0,0,0,0,0,0,0,0,0,0,0,0,0,0
IBV,Selma Rut  Sigurbjörnsdóttir,2020/21,3,0.7,66.7,0,0,0,0,0,0.3,0,0,0,0.3,0,0,0
IBV,Selma Rut  Sigurbjörnsdóttir,2019/20,7,0,0,0,0,0,0,0.1,0.3,0,0,0,0.1,0,0,0
KA/Thor,Selma Sól Ómarsdóttir,2023/24,2,0,0,0,0,0,0,0,0,0,0,0,0,0,0,0
KA/Thor,Selma Sól Ómarsdóttir,2022/23,7,0,0,0,0,0,0,0,0.1,0,0,0,0,0,0,0
Valur,Sigríður Hauksdóttir,2023/24,3,3,69.2,0,0,0,0,0.3,0.3,0,0,0,0.3,0,0.3,0
Valur,Sigríður Hauksdóttir,2022/23,26,1.5,59.1,0,100,0.1,0.1,0.1,0.3,0.2,0.2,0,0.2,0,0,0
HK,Sigríður Hauksdóttir,2020/21,14,4.9,75,0.9,86.7,0.4,0.5,0.1,0.6,0.3,1.3,0,1.6,0,0.5,0
HK,Sigríður Hauksdóttir,2019/20,19,4.4,70.6,0.7,77.8,0.2,0.3,0.5,0.5,0.5,0.9,0,1.6,0.2,0.4,0
HK,Sigríður Hauksdóttir,2018/19,20,3.3,62.3,1,76,0.2,0.3,0.3,0.4,0.2,0.3,0.1,0.3,0.1,0.4,0
Selfoss,Sigríður Lilja Sigurðardóttir,2018/19,6,0,0,0,0,0,0,0,0,0,0,0,0.2,0,0,0
FH,Sigrún Jóhannsdóttir,2020/21,9,0.7,37.5,0,0,0.9,1.2,0.7,3.1,0.8,0.6,0.1,1.7,0.1,0.2,0
IR,Sigrún Ása Ásgrímsdóttir,2023/24,5,2.2,47.8,0,0,0.2,0.2,1.6,1,0.2,0.6,0,0.4,0,0.2,0
Stjarnan,Sigrún Ása Ásgrímsdóttir,2020/21,17,0.4,85.7,0,0,0,0,0.2,0.2,0,0,0,0,0,0.1,0
Stjarnan,Sigrún Ása Ásgrímsdóttir,2019/20,18,1.2,68.8,0,0,0.1,0.1,0.7,0.7,0.2,0.1,0.1,0.6,0.1,0.4,0
Fram,Sigurbjörg Jóhannsdóttir,2018/19,17,1.4,50,0.1,50,2.1,2.6,0.1,1.1,0.1,0.2,0.2,0.6,0,0.1,0
HK,Sigurrós Hávarðardóttir,2020/21,1,0,0,0,0,0,0,0,0,0,0,0,0,0,0,0
HK,Sigurrós Hávarðardóttir,2019/20,2,0,0,0,0,0,0,0,0,0,0,0,0,0,0,0
Afturelding,Silja Ísberg,2019/20,3,1.3,36.4,0,0,0,0,0.3,0.7,0.7,0.3,0,0.7,0,0,0
IBV,Sirrý Rúnarsdóttir,2019/20,4,0.3,50,0,0,0,0,0,0,0,0,0,0,0,0,0
KA/Thor,Sofie Soberg Larsen,2021/22,2,2,40,0,0,0,0,0,1,0,0,0,4,0,0,0
Haukar,Sonja Lind Sigsteinsdóttir,2023/24,5,3.4,53.1,0,0,0.2,0.2,0.4,0.2,0,0,0,1,0,0,0
Haukar,Sonja Lind Sigsteinsdóttir,2022/23,27,1.9,48.1,0,0,0.6,0.9,0.6,0.7,0.1,0.3,0,2.3,0.1,0.1,0
Stjarnan,Sonja Lind Sigsteinsdóttir,2021/22,23,0.6,43.3,0.1,100,0.1,0.1,0.1,0.2,0.2,0.1,0,0.6,0,0.2,0
Stjarnan,Sonja Lind Sigsteinsdóttir,2020/21,9,0,0,0,0,0,0,0,0,0,0.1,0,0.1,0,0,0
Fram,Sóldís Rós Ragnarsdóttir,2023/24,4,0.3,33.3,0,0,0.5,0.5,0,0.3,0,0,0,0,0,0,0
Fram,Sóldís Rós Ragnarsdóttir,2022/23,12,0.3,100,0,0,0.1,0.1,0,0.1,0,0.1,0,0.1,0,0,0
Fram,Sóldís Rós Ragnarsdóttir,2021/22,1,0,0,0,0,0,0,0,0,0,0,0,0,0,0,0
HK,Sóley Ívarsdóttir,2022/23,21,2.3,67.6,0,0,0,0.2,0.3,1.2,0.4,0.5,0,2.3,0.2,0.6,0
HK,Sóley Ívarsdóttir,2021/22,21,0.3,75,0,0,0,0,0.1,0.2,0.1,0,0,0.5,0.1,0.3,0
HK,Sóley Ívarsdóttir,2019/20,19,0.7,56,0,0,0.3,0.4,0.2,0.4,0.2,0.2,0.1,2.6,0,0.8,0
HK,Sóley Ívarsdóttir,2018/19,3,0.3,100,0,0,0,0,0.3,0,0,0,0,0,0,0,0
Selfoss,Sólveig Erla Oddsdóttir,2018/19,2,0.5,50,0,0,0,0,0,1,0.5,0,0,0,0,0,0
KA/Thor,Sólveig Lára Kristjánsdóttir,2023/24,3,1.3,33.3,0,0,0.7,1.4,0.7,2.7,0,0.7,0.3,2.7,0,0,0
KA/Thor,Sólveig Lára Kristjánsdóttir,2022/23,3,0.3,16.7,0,0,0.7,1,0.3,0.3,0.3,0,0.3,1.3,0,0,0
KA/Thor,Sólveig Lára Kristjánsdóttir,2021/22,6,1.2,38.9,0,0,0,0.7,0.2,0.3,0.2,0.7,0.3,1.3,0,0.3,0
KA/Thor,Sólveig Lára Kristjánsdóttir,2020/21,16,1.9,42.3,0,0,1,2.1,0.3,1.3,0.2,0.4,0.6,1.4,0.1,0.3,0.1
Stjarnan,Sólveig Lára Kjærnested,2020/21,16,2.6,51.3,0.1,50,2.6,3.7,0.8,3.3,0.2,0.9,0.1,2.4,0.1,0.4,0
Stjarnan,Sólveig Lára Kjærnested,2019/20,18,2.8,63,0.7,81.3,2.8,4,0.4,2.2,0.1,0.8,0.1,3.8,0.2,0.3,0
KA/Thor,Sólveig Lára Kristjánsdóttir,2018/19,21,4.2,43.8,0,100,1.4,2.6,0.3,2.7,0.3,0.8,0.4,2.9,0.3,0.7,0
Stjarnan,Stefanía Theodórsdóttir,2023/24,5,1.4,70,0,0,0.2,0.2,0.2,0.4,0.8,0.4,0,0.6,0,0.2,0
Stjarnan,Stefanía Theodórsdóttir,2022/23,24,1.6,73.1,0,100,0.3,0.3,0.1,0.2,0.1,0.5,0,0.4,0,0.1,0
Stjarnan,Stefanía Theodórsdóttir,2021/22,9,2.9,59.1,0,0,0,0,0.3,0.7,0.2,0.4,0,1.4,0.2,0.3,0
Stjarnan,Stefanía Theodórsdóttir,2020/21,7,0.9,54.5,0,0,0,0,0.1,0,0.3,0.7,0,0.1,0,0,0
Stjarnan,Stefanía Theodórsdóttir,2019/20,18,4.1,63.8,0,0,0.7,0.9,0.7,0.5,0.5,1.1,0.1,4.9,0.2,0.4,0
Stjarnan,Stefanía Theodórsdóttir,2018/19,21,2.7,61.3,0.1,50,0.4,0.5,0.2,0.5,0.2,0.8,0,1.8,0.1,0.4,0
Afturelding,Stefanía Ósk Engilbertsdóttir,2023/24,4,1.3,55.6,0,0,0,0,0.8,0.3,0,0,0,0.3,0,0.3,0
Fram,Steinunn Björnsdóttir,2022/23,22,4.9,73.8,0.4,64.3,1.3,1.6,1,0.9,0.5,1.1,2.2,4.6,0.1,0.3,0
Fram,Steinunn Björnsdóttir,2021/22,12,3,85.7,0,0,0.5,0.8,0.7,0.7,0.8,0.6,2.3,3,0.3,0.3,0
Fram,Steinunn Björnsdóttir,2020/21,13,3.5,82.1,0,0,0.9,1.1,0.9,0.8,0.5,1.1,2.2,2.7,0.1,0.4,0
Stjarnan,Steinunn Guðjónsdóttir,2019/20,3,0,0,0,0,0,0,0,0,0,0,0,0,0,0,0
Fram,Steinunn Björnsdóttir,2019/20,18,5.3,83.5,0,0,1.4,1.5,1.6,1,0.3,1.9,3.3,4.8,0.2,0.5,0
Fram,Steinunn Björnsdóttir,2018/19,26,5.3,76.2,0,100,1,1.3,1.3,1.1,0.2,1.5,1.8,4.7,0.2,0.8,0
Stjarnan,Steinunn Guðjónsdóttir,2018/19,21,0.4,50,0,0,0.1,0.1,0.1,0,0,0.1,0,0,0,0,0
HK,Stella Jónsdóttir,2022/23,1,0,0,0,0,0,0,0,0,0,0,0,0,0,0,0
Fram,Stella Sigurðardóttir,2021/22,27,0.9,75,0,0,0.3,0.5,0.2,0.3,0.2,0.7,1.4,3.6,0,0.4,0
Fram,Stella Sigurðardóttir,2020/21,10,0.7,87.5,0,0,0.4,0.6,0.1,0.3,0.3,0.7,0.4,1.5,0.1,0.4,0
IBV,Sunna Daðadóttir,2023/24,1,0,0,0,0,0,0,0,0,0,0,0,0,0,0,0
IBV,Sunna Jónsdóttir,2023/24,5,4.8,70.6,0,0,1.6,2.8,1,1.2,0.2,0.6,0.6,2.2,0,0,0
IBV,Sunna Jónsdóttir,2022/23,29,4.6,53.6,0,0,2.6,3.8,0.9,2.4,0.4,1,1.4,3.9,0.2,0.3,0
IBV,Sunna Jónsdóttir,2021/22,27,5.1,52.1,0,0,3,4.6,1.2,3.1,0.6,0.9,1.2,4.1,0.1,0.3,0
IBV,Sunna Daðadóttir,2021/22,1,0,0,0,0,0,0,0,0,0,0,0,0,0,0,0
IBV,Sunna Jónsdóttir,2020/21,17,3.7,48.5,0,0,1.5,2.5,0.9,2.1,0.2,0.8,0.9,4.4,0.2,0.2,0
IBV,Sunna Jónsdóttir,2019/20,18,4.6,51.9,0.1,100,1.9,2.8,0.9,1.9,0.7,0.9,1.7,5.3,0.1,0.8,0
IBV,Sunna Jónsdóttir,2018/19,24,2.5,44.1,0,0,1.8,2.9,0.6,2.4,0.2,0.4,0.6,3.9,0.1,0.2,0
KA/Thor,Sunna Katrín  Hreinsdóttir,2022/23,11,0.3,100,0,0,0,0,0,0.1,0.1,0,0,0,0,0,0
KA/Thor,Sunna Katrín  Hreinsdóttir,2021/22,12,0.1,33.3,0,0,0,0,0,0.2,0,0,0,0.1,0,0,0
KA/Thor,Sunna Katrín  Hreinsdóttir,2020/21,11,0,0,0,0,0,0.1,0,0,0,0,0,0.1,0,0,0
Afturelding,Susan Ines Gamboa,2023/24,4,3.3,46.4,0,0,1.5,2,0.8,3,0.5,1.3,1.8,4.3,0,1,0
KA/Thor,Svala Björk Svavarsdóttir,2022/23,9,0.7,30,0,0,0.1,0.2,0,1.2,0,0.1,0.2,0.8,0.1,0,0
KA/Thor,Svala Björk Svavarsdóttir,2020/21,4,0,0,0,0,0,0,0,0,0,0,0,0,0,0,0
KA/Thor,Svala Björk Svavarsdóttir,2019/20,18,0.8,35,0,0,0.2,0.3,0.1,0.3,0.1,0.1,0,0.9,0,0.2,0
KA/Thor,Svala Björk Svavarsdóttir,2018/19,16,0.1,50,0,0,0,0,0,0.3,0,0,0,0,0,0.1,0
Fram,Svala Júlía Gunnarsdóttir,2023/24,4,1.8,77.8,0,0,0,0,0.3,1,0,0,0,0.8,0,0.3,0
Fram,Svala Júlía Gunnarsdóttir,2022/23,17,0.1,66.7,0,0,0.1,0.1,0,0,0,0,0,0.4,0,0,0
Fram,Svala Júlía Gunnarsdóttir,2021/22,27,0.4,58.8,0,0,0,0,0.1,0.1,0,0,0,0.4,0,0,0
Fram,Svala Júlía Gunnarsdóttir,2020/21,7,0.1,20,0,0,0,0,0.3,0.1,0,0,0,0,0,0,0
Fram,Svala Júlía Gunnarsdóttir,2019/20,6,0.2,33.3,0,0,0,0,0,0,0,0,0,0,0,0,0
Fram,Svala Júlía Gunnarsdóttir,2018/19,7,0,0,0,0,0,0,0,0.1,0,0,0,0,0,0,0
Afturelding,Sylvía Björt Blöndal,2023/24,2,7,66.7,0,0,2,3.5,0,2.5,1.5,1.5,0.5,4,1,0,0.5
Afturelding,Sylvía Björt Blöndal,2021/22,21,5.7,41.7,0.4,75,2,3.7,0.6,2.9,0.6,1,0.2,3.7,0,0.7,0
FH,Sylvía Björt Blöndal,2020/21,7,1.6,44,0.3,100,0.6,0.7,0.1,0.7,0.1,0,0,0,0,0.1,0
IR,Sylvía Sigríður Jónsdóttir,2023/24,5,1,45.5,0,0,0.6,1.2,1,0.6,0.4,0.4,0,1.8,0.2,0,0
Fram,Tamara Jovicevic,2022/23,8,3.5,49.1,0.5,57.1,1.3,2.3,0,0.8,0.1,0.1,0.1,0.5,0,0.4,0
HK,Telma Medos,2021/22,1,0,0,0,0,0,0,0,0,0,0,0,0,0,0,0
KA/Thor,Telma Lísa Elmarsdóttir,2023/24,5,1.8,60,0,0,2.2,3.6,0,1,0.2,0.2,0.4,3.4,0.2,0.4,0
KA/Thor,Telma Lísa Elmarsdóttir,2022/23,22,0.2,35.7,0,0,0.1,0.3,0,0.5,0.1,0.2,0,1,0,0.3,0
KA/Thor,Telma Lísa Elmarsdóttir,2021/22,6,0.3,50,0.2,100,0,0.2,0.2,0.2,0,0.2,0,0.2,0,0,0
KA/Thor,Telma Lísa Elmarsdóttir,2020/21,8,0.1,100,0,0,0,0,0,0,0,0,0,0,0,0,0
KA/Thor,Telma Lísa Elmarsdóttir,2019/20,10,0.6,50,0,0,0.1,0.3,0,0.2,0,0,0,0.1,0,0,0
KA/Thor,Telma Lísa Elmarsdóttir,2018/19,1,0,0,0,0,0,0,0,0,0,0,0,0,0,0,0
Afturelding,Telma Rut Frímannsdóttir,2023/24,3,0,0,0,0,0,0,0,0,0,0,0,0,0,0,0
Afturelding,Telma Rut Frímannsdóttir,2021/22,15,1.2,75,0.3,83.3,0.6,1.5,0.3,0.9,0.5,0.9,0,1.8,0.1,0.3,0
Valur,Thea Imani Sturludóttir,2023/24,5,5,53.2,0,0,3.4,3.8,0.4,0.6,0.2,0.6,0.4,4.8,0,0,0
Valur,Thea Imani Sturludóttir,2022/23,26,4.6,54.1,0,0,3,3.9,0.7,1.1,0.3,0.7,1,5.6,0,0.1,0
Valur,Thea Imani Sturludóttir,2021/22,28,5.4,56.1,1,77.1,2.6,3.9,0.6,1,0.2,0.5,0.4,5.4,0.1,0.1,0
Valur,Thea Imani Sturludóttir,2020/21,17,4.2,50.4,0.2,66.7,1.6,2.2,0.4,1,0.2,0.3,0.4,4.6,0,0.3,0
Stjarnan,Thelma Dögg Einarsdóttir,2022/23,3,0,0,0,0,0,0,0,0,0,0,0,0,0,0,0
Haukar,Thelma Melsted Björgvinsdóttir,2023/24,5,0.2,50,0,0,0,0,0,0,0,0,0,0.2,0,0,0
Haukar,Thelma Melsted Björgvinsdóttir,2022/23,18,0.8,65.2,0,0,0.2,0.2,0.2,0.2,0.1,0.1,0.1,0.8,0,0.2,0
Haukar,Thelma Melsted Björgvinsdóttir,2021/22,19,0.2,57.1,0,0,0.1,0.1,0.3,0.1,0.1,0.1,0,0.4,0,0.1,0
Haukar,Thelma Melsted Björgvinsdóttir,2020/21,15,0.1,50,0,0,0,0,0,0.1,0,0.1,0,0,0,0.1,0
Haukar,Thelma Melsted Björgvinsdóttir,2019/20,1,0,0,0,0,0,0,0,0,0,0,0,0,0,0,0
Stjarnan,Thelma Sif Sófusdóttir,2022/23,12,0.1,33.3,0,0,0,0,0,0,0,0,0,0,0,0,0
Stjarnan,Thelma Sif Sófusdóttir,2021/22,16,0.2,50,0,0,0.1,0.2,0,0.4,0,0.1,0,0,0,0,0
Stjarnan,Thelma Sif Sófusdóttir,2020/21,12,0.2,50,0,0,0,0,0,0,0,0.1,0,0.3,0,0,0
IR,Theodóra Brynja Sveinsdóttir,2023/24,5,0.6,100,0,0,0,0,0,0,0,0,0,0,0,0,0
Selfoss,Tinna Sigurrós Traustadóttir,2022/23,7,2.4,53.1,0,0,0.7,1.1,0.6,0.3,0,0.1,0,1.1,0,0.3,0
Selfoss,Tinna Sigurrós Traustadóttir,2018/19,10,1.7,68,0,0,0,0,0.1,0.2,0.3,0.2,0,0.2,0,0,0
Selfoss,Tinna Soffía Traustadóttir,2022/23,20,2.1,68.9,0,0,0.2,0.3,0.5,0.8,0.3,0.2,0.3,2.8,0,0.2,0
HK,Tinna Sól Björgvinsdóttir,2021/22,5,2.2,57.9,0,0,0,0,1.2,0.4,0.6,0.8,0,7.2,0.2,0.8,0
HK,Tinna Sól Björgvinsdóttir,2020/21,13,2.6,69.4,0,0,0,0.2,0.8,0.8,0.2,0.6,0,4.5,0.2,0.7,0
HK,Tinna Sól Björgvinsdóttir,2019/20,18,2.4,68.3,0,0,0.1,0.1,0.6,0.8,0.6,0.7,0,2.1,0.1,0.2,0
HK,Tinna Sól Björgvinsdóttir,2018/19,16,1.9,64.6,0,0,0.1,0.2,0.2,0.3,0.2,0.5,0,0.9,0,0.1,0
Fram,Tinna Valgerður Gísladóttir,2022/23,23,1.8,54.5,0.5,66.7,0.4,0.5,0.2,0.7,0.1,0,0,0.3,0,0.1,0
Fram,Tinna Valgerður Gísladóttir,2021/22,27,0.9,58.1,0.1,66.7,0.1,0.1,0,0.1,0.1,0.1,0,0.1,0,0.1,0
KA/Thor,Unnur Ómarsdóttir,2022/23,12,3,72,0.1,50,0.9,1.2,0.3,1.3,0.8,0.7,0,0.7,0,0.1,0
KA/Thor,Unnur Ómarsdóttir,2021/22,27,3.5,55.6,0,0,0.3,0.6,0.3,0.5,0.6,0.9,0,0.6,0.1,0.1,0
Fram,Unnur Ómarsdóttir,2020/21,16,1.5,61.5,0,0,0.4,0.4,0.6,0.4,0.4,0.6,0,0.4,0.1,0.1,0
Fram,Unnur Ómarsdóttir,2019/20,15,1.9,64.4,0,0,0.3,0.4,0.1,0.1,0.3,0.1,0,0.3,0.1,0.1,0
Fram,Unnur Ómarsdóttir,2018/19,26,2.8,73.5,0,0,0.2,0.3,0.1,0.6,0.2,0.3,0,0.5,0,0.1,0
IR,Vaka Líf Kristinsdóttir,2023/24,5,0,0,0,0,0.2,0.2,0.2,0.2,0.2,0.2,0,0.6,0,0,0
Valur,Vaka Sigríður Ingólfsdóttir,2021/22,2,0,0,0,0,0,0,0,0,0,0,0,0,0,0,0
Valur,Vaka Sigríður Ingólfsdóttir,2020/21,6,0,0,0,0,0,0,0,0,0,0,0,0,0,0,0
Valur,Vala  Magnúsdóttir,2020/21,1,0,0,0,0,0,0,0,0,0,0,0,0,0,0,0
Fram,Valgerður Arnalds,2023/24,4,0,0,0,0,0.3,0.3,0,0.5,0.3,0,0,0.8,0,0,0
Fram,Valgerður Arnalds,2022/23,22,0.1,50,0,0,0.3,0.3,0,0.4,0,0,0,0,0,0,0
Fram,Valgerður Arnalds,2021/22,4,0.3,100,0,0,0,0,0,0,0,0,0,0,0,0,0
HK,Valgerður Ýr Þorsteinsdóttir,2022/23,9,2.9,45.6,0,0,1.6,3.7,0.3,2.6,0,0.1,0,2.6,0,0.2,0
HK,Valgerður Ýr Þorsteinsdóttir,2021/22,21,3.7,56.1,0,0,1.5,2.4,0.8,2.7,0.1,0.6,0.1,2.7,0.3,0.5,0
HK,Valgerður Ýr Þorsteinsdóttir,2020/21,3,4.7,42.4,0,0,3.7,5.4,0.7,4,0,0.7,0,2.3,0.3,0.7,0
HK,Valgerður Ýr Þorsteinsdóttir,2019/20,19,4.4,53.8,0,0,1.9,2.6,1.2,3.1,0,0.2,0,1.7,0.1,0.4,0
HK,Valgerður Ýr Þorsteinsdóttir,2018/19,9,2.8,53.2,0,0,1.4,2.8,0.8,3.1,0,0.8,0,1.6,0,0.4,0
Stjarnan,Vigdís Arna Hjartardóttir,2023/24,5,1.8,56.3,0,0,0,0,0,0.4,0.4,0.8,0,0.2,0,0,0
Stjarnan,Vigdís Arna Hjartardóttir,2022/23,23,0.3,40,0,100,0,0,0.1,0.1,0.1,0,0,0.1,0,0,0
Valur,Vigdís Birna Þorsteinsdóttir,2019/20,18,1.7,70.5,0,0,0.1,0.1,0.2,0.1,0.2,0.1,0.1,1.7,0.1,0.3,0
Valur,Vigdís Birna Þorsteinsdóttir,2018/19,1,0,0,0,0,0,0,0,0,0,0,0,1,0,0,0
IBV,Þóra Björg Stefánsdóttir,2021/22,21,1.3,61.4,0.6,76.5,0.2,0.5,0,0.3,0,0,0,0.2,0,0,0
IBV,Þóra Björg Stefánsdóttir,2020/21,10,0,0,0,0,0,0,0,0,0,0.1,0,0,0,0,0
IBV,Þóra Guðný Arnarsdóttir,2021/22,1,0,0,0,0,0,0,0,0,0,0,0,0,0,0,0
Afturelding,Þóra Guðný Arnarsdóttir,2019/20,5,0.4,100,0,0,0,0.2,0.8,0.4,0.4,0,1,1.4,0,0.4,0
HK,Þóra María Sigurjónsdóttir,2021/22,20,1.4,49.1,0.5,81.8,1,1.7,0.8,1.9,0.1,0.4,0.1,0.9,0,0.1,0
HK,Þóra María Sigurjónsdóttir,2020/21,9,1.7,36.6,0,0,1.1,1.9,0.7,2.2,0.1,0,0,1.3,0.1,0.1,0
Afturelding,Þóra María Sigurjónsdóttir,2019/20,9,3.8,45.3,0.8,70,1.1,2.1,0.8,4.1,0.4,0.2,0.7,3.4,0.1,0.2,0
Valur,Þórey Anna Ásgeirsdóttir,2023/24,4,5.5,68.8,3,80,0.8,1.1,0,1.3,0,0.5,0,0.3,0.3,0,0
Valur,Þórey Anna Ásgeirsdóttir,2022/23,28,6,76.6,3,83,0.6,0.9,0.2,0.2,0.5,0.6,0,1.2,0,0,0
Valur,Þórey Anna Ásgeirsdóttir,2021/22,17,3.5,72.8,2.3,83,0.5,0.6,0,0.3,0.1,0.2,0,0.8,0.1,0.1,0
Valur,Þórey Anna Ásgeirsdóttir,2020/21,12,4.7,64.4,1.7,95.2,0.8,1.6,0,1.6,0,0.3,0,2.9,0.1,0.1,0
Stjarnan,Þórey Anna Ásgeirsdóttir,2019/20,12,5.2,56.4,2.3,82.4,2.2,3.2,0.3,0.9,0.2,0.3,0,5.3,0.2,0.1,0
Stjarnan,Þórey Anna Ásgeirsdóttir,2018/19,21,6.2,56,1.9,81.6,2,3.3,0.3,1.1,0.2,0.2,0.1,2.1,0.2,0.1,0
Fram,Þórey Rósa Stefánsdóttir,2023/24,4,4.5,75,0,0,0,0.3,0,0.5,0.3,0.5,0,0.3,0,0.3,0
Fram,Þórey Rósa Stefánsdóttir,2022/23,23,3.6,63.1,0,0,0.6,0.7,0,0.8,0.8,0.6,0,0.3,0,0.2,0
Fram,Þórey Rósa Stefánsdóttir,2021/22,27,4.1,60.7,0,0,0.2,0.3,0.2,0.6,0.6,0.6,0,0.5,0,0.1,0
Fram,Þórey Rósa Stefánsdóttir,2020/21,4,4.3,70.8,0,0,0.5,0.5,0,0.5,0.8,1,0,0.8,0,0.3,0
Fram,Þórey Rósa Stefánsdóttir,2019/20,18,5.3,67.9,0,0,0.6,0.8,0.2,0.7,0.5,0.9,0,0.3,0.1,0.1,0
Fram,Þórey Rósa Stefánsdóttir,2018/19,26,5,64,0,0,0.5,0.5,0,0.6,0.3,1,0,0.7,0,0.1,0
Stjarnan,Þórhildur Gunnarsdóttir,2022/23,5,0.6,75,0,0,0,0.2,0,0.6,0.2,0.2,0,1.4,0,0,0
Stjarnan,Þórhildur Gunnarsdóttir,2021/22,4,0.5,66.7,0,0,0,0,0,0.3,0.5,0.3,0,0.5,0,0,0
Stjarnan,Þórhildur Gunnarsdóttir,2019/20,12,3.2,74.5,0,0,2.3,3.2,1,3.7,0.2,0.7,0.5,4.8,0.2,0.3,0
Stjarnan,Þórhildur Gunnarsdóttir,2018/19,21,2.8,64.4,0.1,100,0.9,1.2,1,1,0.3,0.6,0.1,3.3,0.1,0.2,0
Haukar,Þórhildur Braga Þórðardóttir,2020/21,1,0,0,0,0,0,0,0,0,0,0,0,0,0,0,0
Haukar,Þórhildur Braga Þórðardóttir,2019/20,14,1.6,45.8,0,0,0.9,1.6,1.1,1.8,0,0.4,0,1.3,0,0.4,0
Haukar,Þórhildur Braga Þórðardóttir,2018/19,18,1.2,43.8,0.1,100,0.7,1,0.6,1.1,0.1,0.1,0.1,0.7,0.1,0.1,0
Afturelding,Þórhildur Vala Kjartansdóttir,2021/22,12,0.1,50,0,0,0,0,0.1,0.3,0,0.1,0.3,0.3,0,0.3,0.1
Afturelding,Þórunn Friðriksdóttir,2019/20,14,0.6,50,0,0,0.1,0.2,0.4,0.9,0.6,0.1,0,0.9,0.1,0.1,0
HK,Þórunn Friðriksdóttir,2018/19,19,0.7,56,0.2,50,0.4,0.5,0.3,0.6,0.1,0.1,0,0.3,0,0.2,0
